date,open,high,low,close,adjusted_close,volume,dividend_amount,split_coefficient
2017-07-05,40.8,40.82,37.25,37.25,32.9512851912,5883326,17.5,1.0
2017-07-06,38.09,38.09,36.52,37.01,32.7389816088,5088097,0.0,1.0
2017-07-07,38.14,38.59,36.12,37.91,33.5351200429,6014535,0.0,1.0
2017-07-10,37.63,38.17,36.8,37.23,32.933593226,4721508,0.0,1.0
2017-07-11,37.31,37.78,36.89,37.35,33.0397450172,2791176,0.0,1.0
2017-07-12,37.77,37.99,37.25,37.37,33.0574369824,3260591,0.0,1.0
2017-07-13,37.45,37.65,36.69,36.84,32.5885999046,3860643,0.0,1.0
2017-07-14,37.0,37.495,36.91,37.35,33.0397450172,2872910,0.0,1.0
2017-07-17,37.71,38.37,37.64,37.64,33.2962785127,3917588,0.0,1.0
2017-07-18,37.52,37.78,36.73,36.75,32.5089860611,3198593,0.0,1.0
2017-07-19,36.59,37.09,36.36,36.54,32.3232204265,4230853,0.0,1.0
2017-07-20,36.59,36.9,34.86,34.97,30.934401158,6397004,0.0,1.0
2017-07-21,34.73,34.88,33.44,34.12,30.1824926369,7737292,0.0,1.0
2017-07-24,34.26,34.46,33.88,34.36,30.3947962193,2850884,0.0,1.0
2017-07-25,34.81,35.28,34.77,35.25,31.1820886709,2871897,0.0,1.0
2017-07-26,35.58,36.18,35.22,36.05,31.889767279,3826003,0.0,1.0
2017-07-27,35.97,37.04,35.7,36.16,31.9870730876,4593651,0.0,1.0
2017-07-28,34.85,37.5,34.2257,37.1,32.8185954522,4261445,0.0,1.0
2017-07-31,37.14,37.17,36.43,36.89,32.6328298176,3318805,0.0,1.0
2017-08-01,36.82,36.83,35.41,35.7,31.580157888,2955189,0.0,1.0
2017-08-02,35.36,35.55,35.035,35.35,31.2705484969,3405697,0.0,1.0
2017-08-03,35.26,35.51,35.07,35.31,31.2351645665,3181029,0.0,1.0
2017-08-04,35.42,35.54,35.06,35.23,31.1643967057,3110626,0.0,1.0
2017-08-07,35.1,35.27,34.4,34.56,30.5717158714,2054097,0.0,1.0
2017-08-08,34.75,35.47,34.6442,34.94,30.9078632102,2155678,0.0,1.0
2017-08-09,34.79,35.29,34.76,35.02,31.1290127753,2252626,0.17,1.0
2017-08-10,35.01,35.29,34.57,34.7,30.8445671988,1971691,0.0,1.0
2017-08-11,34.51,34.89,34.28,34.29,30.4801213039,1185973,0.0,1.0
2017-08-14,34.51,34.54,34.135,34.26,30.4534545312,1927835,0.0,1.0
2017-08-15,34.03,34.42,34.03,34.31,30.4978991525,2153221,0.0,1.0
2017-08-16,34.37,34.51,33.76,33.83,30.0712307878,1367515,0.0,1.0
2017-08-17,33.79,34.09,32.75,32.8,29.1556715885,2200268,0.0,1.0
2017-08-18,32.74,33.13,32.4301,32.77,29.1290048157,3179783,0.0,1.0
2017-08-21,32.77,32.99,32.46,32.54,28.9245595576,2340815,0.0,1.0
2017-08-22,32.62,32.945,32.43,32.69,29.0578934216,1872479,0.0,1.0
2017-08-23,32.51,33.24,32.51,33.04,29.3690057709,1565407,0.0,1.0
2017-08-24,33.09,33.09,32.54,32.82,29.173449437,1781949,0.0,1.0
2017-08-25,32.88,33.41,32.8701,33.26,29.5645621047,2035870,0.0,1.0
2017-08-28,33.27,33.4,32.82,33.25,29.5556731804,2510523,0.0,1.0
2017-08-29,33.1,33.81,33.1,33.75,30.0001193936,2192874,0.0,1.0
2017-08-30,33.6,33.73,33.2376,33.51,29.7867852113,1637279,0.0,1.0
2017-08-31,33.99,34.35,33.46,33.9,30.1334532576,3592925,0.0,1.0
2017-09-01,33.97,34.44,33.73,34.3,30.4890102282,1723282,0.0,1.0
2017-09-05,34.83,35.45,34.49,34.97,31.084568154,4386834,0.0,1.0
2017-09-06,35.39,35.74,34.72,34.74,30.8801228959,3285802,0.0,1.0
2017-09-07,34.77,35.25,34.29,34.75,30.8890118201,2064761,0.0,1.0
2017-09-08,34.77,34.98,34.06,34.42,30.5956773194,3018954,0.0,1.0
2017-09-11,34.52,35.6,34.37,35.48,31.5379032915,2825224,0.0,1.0
2017-09-12,35.38,36.4,35.24,35.96,31.9645716562,3537032,0.0,1.0
2017-09-13,35.94,36.73,35.9,36.09,32.0801276716,4296996,0.0,1.0
2017-09-14,36.35,37.14,36.2,36.38,32.3379064753,4785692,0.0,1.0
2017-09-15,36.37,36.91,36.37,36.9,32.8001305371,7621328,0.0,1.0
2017-09-18,36.91,37.49,36.78,37.36,33.2090210532,3251876,0.0,1.0
2017-09-19,37.31,37.45,37.06,37.39,33.235687826,2958567,0.0,1.0
2017-09-20,37.55,37.68,37.24,37.5,33.3334659929,2138025,0.0,1.0
2017-09-21,37.17,37.26,36.365,36.58,32.5156849606,2565040,0.0,1.0
2017-09-22,36.53,36.74,36.28,36.67,32.595685279,3587582,0.0,1.0
2017-09-25,36.85,38.1,36.63,37.52,33.3512438415,4722920,0.0,1.0
2017-09-26,37.34,37.34,36.6597,37.04,32.9245754768,2621187,0.0,1.0
2017-09-27,37.1,37.2,36.69,36.93,32.8267973099,1991726,0.0,1.0
2017-09-28,37.12,37.24,36.56,37.03,32.9156865525,2119848,0.0,1.0
2017-09-29,36.8,37.05,36.32,36.62,32.5512406576,3244297,0.0,1.0
2017-10-02,35.96,36.91,35.92,36.86,32.76457484,1906955,0.0,1.0
2017-10-03,36.84,37.1,36.39,36.67,32.595685279,2465816,0.0,1.0
2017-10-04,36.75,37.09,36.53,36.71,32.631240976,1970215,0.0,1.0
2017-10-05,36.84,36.92,36.46,36.48,32.4267957179,1901599,0.0,1.0
2017-10-06,36.16,36.71,36.04,36.53,32.4712403393,1826297,0.0,1.0
2017-10-09,36.59,36.67,35.8,35.84,31.857904565,3157903,0.0,1.0
2017-10-10,36.06,36.23,34.92,34.97,31.084568154,4200133,0.0,1.0
2017-10-11,34.81,34.9,34.23,34.39,30.5690105466,4178147,0.0,1.0
2017-10-12,34.14,34.3,33.78,33.92,30.1512311062,4645410,0.0,1.0
2017-10-13,34.26,34.6,33.71,33.73,29.9823415451,2853566,0.0,1.0
2017-10-16,34.04,34.225,33.641,33.7,29.9556747723,2891032,0.0,1.0
2017-10-17,33.64,34.07,33.3,33.79,30.0356750907,4621612,0.0,1.0
2017-10-18,33.84,34.26,33.75,33.8,30.044564015,2626085,0.0,1.0
2017-10-19,33.55,33.89,33.05,33.15,29.4667839378,4573949,0.0,1.0
2017-10-20,32.01,33.43,31.44,33.26,29.5645621047,7142298,0.0,1.0
2017-10-23,33.1,33.26,31.4,31.47,27.9734446613,5762277,0.0,1.0
2017-10-24,31.56,31.66,30.63,30.69,27.2801085686,4114200,0.0,1.0
2017-10-25,30.7,30.86,30.0,30.05,26.7112174157,4168498,0.0,1.0
2017-10-26,30.12,30.34,29.73,29.94,26.6134392488,2594872,0.0,1.0
2017-10-27,29.79,31.31,29.62,31.3,27.8223329488,4619981,0.0,1.0
2017-10-30,31.18,31.77,31.09,31.5,28.0001114341,4545491,0.0,1.0
2017-10-31,31.29,31.53,31.0504,31.43,27.9378889642,3136367,0.0,1.0
2017-11-01,31.75,32.34,31.56,31.85,28.3112237833,3125507,0.0,1.0
2017-11-02,31.79,32.17,31.095,31.28,27.8045551002,3894079,0.0,1.0
2017-11-03,30.91,31.46,30.8511,31.18,27.8756664944,4534328,0.18,1.0
2017-11-06,31.55,33.98,31.54,33.92,30.3252920939,8114101,0.0,1.0
2017-11-07,34.04,34.08,33.31,33.4,29.8603996444,4435277,0.0,1.0
2017-11-08,33.24,33.72,32.79,32.84,29.3597462372,3206453,0.0,1.0
2017-11-09,32.69,32.95,32.19,32.74,29.270343843,3857358,0.0,1.0
2017-11-10,32.65,33.14,32.4,32.95,29.4580888707,2400842,0.0,1.0
2017-11-13,32.74,32.79,31.84,31.88,28.5014832534,3664950,0.0,1.0
2017-11-14,31.46,31.75,29.95,30.51,27.2766704536,6303303,0.0,1.0
2017-11-15,29.85,30.83,29.62,30.6,27.3571326083,4624683,0.0,1.0
2017-11-16,30.61,31.15,30.11,30.15,26.9548218347,3926933,0.0,1.0
2017-11-17,30.2,31.02,30.16,30.91,27.6342800302,2689424,0.0,1.0
2017-11-20,30.92,30.92,30.31,30.44,27.2140887777,3925683,0.0,1.0
2017-11-21,30.55,30.99,30.55,30.66,27.4107740448,3346073,0.0,1.0
2017-11-22,30.75,31.13,30.6,30.71,27.4554752419,3295023,0.0,1.0
2017-11-24,30.78,31.11,30.5999,30.8,27.5359373966,1314053,0.0,1.0
2017-11-27,30.67,30.8,30.18,30.31,27.0978656653,2496497,0.0,1.0
2017-11-28,30.2,30.37,29.99,30.08,26.8922401588,4188487,0.0,1.0
2017-11-29,30.03,30.3,29.9,29.98,26.8028377646,4887853,0.0,1.0
2017-11-30,30.02,30.63,29.7,29.73,26.5793317793,11606444,0.0,1.0
2017-12-01,30.04,30.83,29.83,30.7,27.4465350025,10795403,0.0,1.0
2017-12-04,30.7,32.59,30.595,31.71,28.3494991833,7927222,0.0,1.0
2017-12-05,31.75,31.99,30.75,30.81,27.544877636,4479038,0.0,1.0
2017-12-06,30.65,31.17,30.29,30.51,27.2766704536,4477402,0.0,1.0
2017-12-07,30.52,31.1,30.3,30.37,27.1515071018,3668150,0.0,1.0
2017-12-08,30.55,30.8,30.07,30.26,27.0531644682,4519560,0.0,1.0
2017-12-11,30.46,30.69,30.21,30.59,27.3481923689,6731879,0.0,1.0
2017-12-12,30.68,31.66,30.59,30.95,27.6700409878,5889048,0.0,1.0
2017-12-13,30.9,31.02,30.09,30.33,27.1157461441,5384630,0.0,1.0
2017-12-14,30.08,30.84,30.02,30.59,27.3481923689,7625132,0.0,1.0
2017-12-15,30.77,30.84,30.1,30.26,27.0531644682,8529367,0.0,1.0
2017-12-18,30.43,31.23,30.33,31.03,27.7415629031,6013378,0.0,1.0
2017-12-19,31.2,32.09,30.86,31.83,28.4567820563,5851103,0.0,1.0
2017-12-20,31.9,32.88,31.81,32.74,29.270343843,4425770,0.0,1.0
2017-12-21,32.73,33.12,32.29,32.3,28.8769733088,6188646,0.0,1.0
2017-12-22,31.87,32.46,31.49,32.23,28.8143916329,2629036,0.0,1.0
2017-12-26,32.23,32.47,31.9,32.06,28.6624075628,2190392,0.0,1.0
2017-12-27,32.08,32.35,31.88,32.03,28.6355868446,2759100,0.0,1.0
2017-12-28,32.0,32.13,31.27,31.4,28.0723517615,2744105,0.0,1.0
2017-12-29,31.58,31.8,31.06,31.64,28.2869175074,3023416,0.0,1.0
2018-01-02,31.71,32.24,31.61,32.23,28.8143916329,3583379,0.0,1.0
2018-01-03,32.43,33.65,32.41,33.53,29.9766227568,4944285,0.0,1.0
2018-01-04,33.78,34.67,33.3,34.63,30.9600490924,6065310,0.0,1.0
2018-01-05,34.7,34.7,33.69,34.44,30.7901845435,3947873,0.0,1.0
2018-01-08,34.42,34.58,33.65,34.51,30.8527662194,4481918,0.0,1.0
2018-01-09,34.52,35.05,34.09,35.03,31.3176586689,3356487,0.0,1.0
2018-01-10,34.97,35.65,34.87,35.47,31.7110292032,3495733,0.0,1.0
2018-01-11,35.5,36.62,35.1,36.5,32.6318738629,5542035,0.0,1.0
2018-01-12,36.42,37.23,36.25,37.2,33.2576906219,4080810,0.0,1.0
2018-01-16,37.08,37.1,36.06,36.28,32.4351885958,3872590,0.0,1.0
2018-01-17,36.36,36.65,35.94,36.29,32.4441288352,4074878,0.0,1.0
2018-01-18,36.07,36.12,34.64,34.74,31.0583917259,6984811,0.0,1.0
2018-01-19,34.37,34.94,34.2,34.74,31.0583917259,4955688,0.0,1.0
2018-01-22,35.0,35.76,34.36,35.55,31.7825511185,5954007,0.0,1.0
2018-01-23,35.56,36.04,34.99,35.82,32.0239375827,6128056,0.0,1.0
2018-01-24,35.96,36.16,33.16,33.78,30.2001287421,10209735,0.0,1.0
2018-01-25,33.8,33.88,32.29,32.31,28.8859135482,6468825,0.0,1.0
2018-01-26,32.47,33.01,32.1,32.74,29.270343843,3844610,0.0,1.0
2018-01-29,32.5,32.7,31.32,31.4,28.0723517615,4789234,0.0,1.0
2018-01-30,31.08,31.89,30.72,31.86,28.4836027746,6472064,0.0,1.0
2018-01-31,31.87,32.82,31.65,32.15,28.7428697176,7510058,0.0,1.0
2018-02-01,32.5,33.07,32.05,32.45,29.0110769,6529577,0.0,1.0
2018-02-02,31.8,31.98,30.9,31.05,27.9203676914,6474646,0.18,1.0
2018-02-05,30.78,31.24,29.21,29.38,26.4186925209,4381147,0.0,1.0
2018-02-06,28.85,29.59,28.03,29.22,26.2748194507,8302495,0.0,1.0
2018-02-07,29.43,29.83,28.64,28.81,25.9061447082,3648817,0.0,1.0
2018-02-08,28.94,29.06,27.45,27.5,24.7281839457,7624041,0.0,1.0
2018-02-09,27.67,27.78,25.68,26.5,23.8289772568,6332864,0.0,1.0
2018-02-12,26.88,27.12,26.01,26.85,24.1436995979,8965030,0.0,1.0
2018-02-13,26.73,26.76,25.9,25.94,23.325421511,4457141,0.0,1.0
2018-02-14,25.64,26.63,25.63,26.42,23.7570407217,6051484,0.0,1.0
2018-02-15,26.5,26.77,25.53,26.14,23.5052628488,4558422,0.0,1.0
2018-02-16,26.0,27.02,26.0,26.53,23.8559534575,4427113,0.0,1.0
2018-02-20,26.55,26.98,26.27,26.44,23.7750248554,3579816,0.0,1.0
2018-02-21,26.32,28.23,25.87,26.76,24.0627709959,11329755,0.0,1.0
2018-02-22,27.08,28.57,27.08,28.04,25.2137555577,8683020,0.0,1.0
2018-02-23,28.13,28.48,27.67,28.03,25.2047634909,4792860,0.0,1.0
2018-02-26,28.22,28.22,27.26,27.63,24.8450808153,5882003,0.0,1.0
2018-02-27,27.71,27.98,26.99,27.0,24.2785806013,3059651,0.0,1.0
2018-02-28,27.15,27.27,26.29,26.4,23.7390565879,3647088,0.0,1.0
2018-03-01,26.45,27.48,26.38,27.13,24.3954774708,8132227,0.0,1.0
2018-03-02,26.97,27.57,26.33,27.45,24.6832236113,3327568,0.0,1.0
2018-03-05,27.27,28.2,27.13,28.02,25.195771424,4058516,0.0,1.0
2018-03-06,28.13,28.64,28.06,28.55,25.6723509691,5565866,0.0,1.0
2018-03-07,28.25,29.0,28.23,28.92,26.005057444,6977356,0.0,1.0
2018-03-08,29.11,29.8,28.83,29.31,26.3557480527,7504057,0.0,1.0
2018-03-09,29.55,30.32,29.55,30.24,27.1920102734,5969609,0.0,1.0
2018-03-12,30.34,30.95,30.27,30.79,27.6865739523,5685453,0.0,1.0
2018-03-13,30.87,31.16,29.9,30.35,27.2909230092,4835778,0.0,1.0
2018-03-14,30.43,30.92,30.38,30.6,27.5157246814,4036388,0.0,1.0
2018-03-15,30.66,30.69,29.35,29.89,26.8772879323,5503049,0.0,1.0
2018-03-16,29.97,31.05,29.92,30.92,27.8034708219,9493239,0.0,1.0
2018-03-19,30.75,30.84,30.17,30.57,27.4887484807,4534922,0.0,1.0
2018-03-20,30.59,30.84,29.84,29.85,26.8413196647,5456174,0.0,1.0
2018-03-21,29.91,31.2,29.75,30.96,27.8394390894,5712444,0.0,1.0
2018-03-22,30.61,30.69,29.75,29.78,26.7783751965,4484641,0.0,1.0
2018-03-23,30.03,30.07,29.05,29.2,26.2568353169,5871071,0.0,1.0
2018-03-26,29.58,30.06,28.64,29.91,26.8952720661,6474898,0.0,1.0
2018-03-27,29.78,30.37,29.02,29.2,26.2568353169,5731573,0.0,1.0
2018-03-28,29.2,29.53,28.02,28.07,25.2407317584,4761650,0.0,1.0
2018-03-29,28.07,28.17,27.66,27.77,24.9709697517,7008341,0.0,1.0
2018-04-02,28.11,28.12,27.18,27.77,24.9709697517,4745039,0.0,1.0
2018-04-03,28.35,28.98,27.25,28.92,26.005057444,5743935,0.0,1.0
2018-04-04,28.38,30.05,28.06,29.96,26.9402324005,6282914,0.0,1.0
2018-04-05,30.01,30.6,29.46,29.71,26.7154307283,5216825,0.0,1.0
2018-04-06,29.3,29.82,29.25,29.58,26.5985338587,3700144,0.0,1.0
2018-04-09,29.82,29.89,29.2,29.4,26.4366766547,3758632,0.0,1.0
2018-04-10,29.81,31.22,29.81,30.89,27.7764946212,4223146,0.0,1.0
2018-04-11,30.84,31.81,30.79,31.22,28.0732328286,3364217,0.0,1.0
2018-04-12,31.39,32.24,31.11,32.13,28.8915109155,4044515,0.0,1.0
2018-04-13,32.24,32.86,31.87,32.57,29.2871618586,3357215,0.0,1.0
2018-04-16,32.59,32.93,31.98,32.84,29.5299476646,3279568,0.0,1.0
2018-04-17,32.96,33.26,32.77,32.81,29.502971464,3252478,0.0,1.0
2018-04-18,33.02,34.26,32.92,33.76,30.3572178185,4437839,0.0,1.0
2018-04-19,33.75,34.36,33.08,33.71,30.312257484,4564691,0.0,1.0
2018-04-20,33.72,35.68,33.16,33.99,30.5640353569,8271250,0.0,1.0
2018-04-23,34.02,35.16,33.79,34.95,31.4272737783,5526818,0.0,1.0
2018-04-24,35.08,35.44,34.09,34.63,31.1395276378,3588854,0.0,1.0
2018-04-25,34.63,35.65,34.36,35.11,31.5711468485,4332688,0.0,1.0
2018-04-26,35.11,36.08,35.0,35.98,32.3534566679,3711334,0.0,1.0
2018-04-27,35.62,36.49,35.62,36.0,32.3714408017,4649290,0.0,1.0
2018-04-30,35.77,36.49,35.73,36.11,32.4703535375,3522536,0.0,1.0
2018-05-01,35.81,36.13,35.37,35.64,32.0477263937,4064972,0.0,1.0
2018-05-02,35.39,36.11,35.37,35.6,32.0117581261,3925259,0.0,1.0
2018-05-03,35.49,35.67,35.18,35.6,32.0117581261,3838269,0.0,1.0
2018-05-04,35.33,36.19,35.3,36.0,32.3714408017,3047756,0.0,1.0
2018-05-07,36.2,36.84,35.57,35.63,32.0387343268,3528953,0.0,1.0
2018-05-08,35.62,36.18,35.12,36.03,32.3984170023,3299763,0.0,1.0
2018-05-09,36.47,37.76,36.29,36.37,32.7041472766,5141280,0.0,1.0
2018-05-10,35.93,36.31,35.46,36.18,32.5332980057,3814749,0.0,1.0
2018-05-11,36.13,36.29,35.69,35.76,32.1556311963,2741823,0.0,1.0
2018-05-14,35.75,36.41,35.64,35.68,32.0836946612,2073359,0.0,1.0
2018-05-15,35.8,36.13,35.51,36.07,32.4343852699,2359102,0.0,1.0
2018-05-16,36.2,36.97,35.99,36.85,33.1357664873,2877046,0.0,1.0
2018-05-17,37.0,37.41,36.57,36.64,32.9469330826,4268101,0.0,1.0
2018-05-18,36.72,36.79,35.85,35.87,32.2545439321,3681501,0.0,1.0
2018-05-21,35.95,36.41,35.85,36.29,32.7940679455,2980350,0.18,1.0
2018-05-22,36.48,37.07,36.07,36.4,32.8934712928,3080345,0.0,1.0
2018-05-23,35.97,36.53,35.66,36.04,32.568151247,4017386,0.0,1.0
2018-05-24,35.53,36.35,35.02,35.67,32.2337945333,3014727,0.0,1.0
2018-05-25,34.7,34.87,33.82,34.7,31.3572377434,3602496,0.0,1.0
2018-05-29,34.27,35.01,34.0,34.87,31.5108610983,3065881,0.0,1.0
2018-05-30,35.28,36.42,35.0,35.69,32.2518678692,2507938,0.0,1.0
2018-05-31,35.45,35.55,34.58,34.59,31.2578343961,5033894,0.0,1.0
2018-06-01,34.98,35.43,34.39,34.93,31.565081106,2905435,0.0,1.0
2018-06-04,34.5,34.81,32.25,32.67,29.5227941521,6237130,0.0,1.0
2018-06-05,32.57,33.73,32.44,33.61,30.3722409382,5632560,0.0,1.0
2018-06-06,33.74,34.99,33.69,34.64,31.3030177358,6149425,0.0,1.0
2018-06-07,34.82,35.68,34.54,34.69,31.3482010755,4292991,0.0,1.0
2018-06-08,34.59,34.76,33.89,34.7,31.3572377434,3121335,0.0,1.0
2018-06-11,34.57,34.7,34.1,34.15,30.8602210068,3581486,0.0,1.0
2018-06-12,34.23,34.8,34.13,34.54,31.2126510564,4079426,0.0,1.0
2018-06-13,34.48,34.48,33.8,34.06,30.7788909954,4910865,0.0,1.0
2018-06-14,34.29,34.42,33.58,33.68,30.4354976138,4253628,0.0,1.0
2018-06-15,33.4,33.44,32.53,32.57,29.4324274727,8217353,0.0,1.0
2018-06-18,32.54,32.92,32.33,32.54,29.4053174689,5268084,0.0,1.0
2018-06-19,32.32,33.2,32.03,32.75,29.5950874956,5834334,0.0,1.0
2018-06-20,32.97,33.17,32.15,33.07,29.8842608696,3138257,0.0,1.0
2018-06-21,32.59,32.96,32.24,32.32,29.2065107742,4137672,0.0,1.0
2018-06-22,33.3,33.61,32.59,32.72,29.5679774918,10483248,0.0,1.0
2018-06-25,32.69,32.91,32.12,32.44,29.3149507895,3520167,0.0,1.0
2018-06-26,32.5,33.46,32.35,33.13,29.9384808772,3695764,0.0,1.0
2018-06-27,33.57,34.64,33.52,33.6,30.3632042703,4098515,0.0,1.0
2018-06-28,33.46,33.67,32.77,32.95,29.7758208543,2929793,0.0,1.0
2018-06-29,33.03,33.44,32.86,33.03,29.8481141978,3390424,0.0,1.0
2018-07-02,32.83,33.11,32.19,32.94,29.7667841864,3634627,0.0,1.0
2018-07-03,33.6,33.84,33.2,33.29,30.0830675642,2004645,0.0,1.0
2018-07-05,33.33,33.55,33.18,33.25,30.0469208924,2406132,0.0,1.0
2018-07-06,33.17,33.92,32.97,33.67,30.4264609458,2491798,0.0,1.0
2018-07-09,33.89,34.76,33.82,34.44,31.122284377,2481923,0.0,1.0
2018-07-10,34.5,34.82,33.9,34.27,30.9686610221,2315578,0.0,1.0
2018-07-11,33.86,34.07,32.68,32.92,29.7487108505,3758112,0.0,1.0
2018-07-12,33.0,33.21,32.47,32.77,29.6131608314,4180808,0.0,1.0
2018-07-13,32.68,33.09,32.42,32.63,29.4866474803,2337615,0.0,1.0
2018-07-16,32.25,32.49,32.08,32.33,29.2155474422,1388061,0.0,1.0
2018-07-17,32.2,32.79,31.99,32.64,29.4956841483,3691910,0.0,1.0
2018-07-18,32.16,32.72,31.81,32.55,29.4143541368,4141735,0.0,1.0
2018-07-19,32.25,32.55,31.73,31.78,28.7185307056,5255774,0.0,1.0
2018-07-20,31.3,32.7,30.81,32.0,28.9173374002,8592427,0.0,1.0
2018-07-23,31.85,32.76,31.34,32.5,29.3691707971,5229772,0.0,1.0
2018-07-24,32.99,33.43,32.83,32.99,29.8119675261,5201897,0.0,1.0
2018-07-25,33.1,33.46,32.58,33.27,30.0649942283,4975683,0.0,1.0
2018-07-26,33.27,34.03,32.89,34.02,30.7427443236,3515351,0.0,1.0
2018-07-27,33.83,35.04,33.83,34.73,31.3843477472,3866246,0.0,1.0
2018-07-30,35.31,35.38,34.63,34.69,31.3482010755,3035091,0.0,1.0
2018-07-31,34.25,34.9,34.25,34.58,31.2487977281,3416159,0.0,1.0
2018-08-01,34.24,34.33,33.74,34.27,30.9686610221,2943697,0.0,1.0
2018-08-02,33.84,34.17,33.63,33.94,30.6704509801,2175346,0.0,1.0
2018-08-03,33.88,34.18,33.34,33.88,30.6162309725,4126287,0.0,1.0
2018-08-06,33.91,34.99,33.83,34.9,31.5379711021,4814308,0.0,1.0
2018-08-07,35.25,35.55,35.0,35.18,31.7909978044,2661171,0.0,1.0
2018-08-08,35.01,35.16,34.78,35.05,31.6735211212,2312494,0.0,1.0
2018-08-09,34.86,35.1,34.39,34.67,31.3301277396,3040197,0.0,1.0
2018-08-10,34.62,35.04,34.37,34.75,31.4024210831,2381180,0.0,1.0
2018-08-13,34.5,34.68,33.85,34.12,30.9957710259,4305686,0.18,1.0
2018-08-14,34.22,34.52,33.635,33.93,30.8231685495,4357265,0.0,1.0
2018-08-15,33.5,33.58,31.79,31.81,28.8972882864,4941415,0.0,1.0
2018-08-16,32.07,32.21,31.41,31.58,28.6883484466,3431282,0.0,1.0
2018-08-17,31.62,31.69,30.81,31.01,28.1705410174,4408943,0.0,1.0
2018-08-20,31.53,32.08,31.33,32.01,29.0789751037,3837131,0.0,1.0
2018-08-21,32.57,32.57,32.24,32.29,29.3333366479,2823750,0.0,1.0
2018-08-22,32.62,32.69,32.18,32.52,29.5422764877,2482470,0.0,1.0
2018-08-23,32.38,32.44,32.06,32.31,29.3515053296,2958496,0.0,1.0
2018-08-24,32.66,32.92,32.43,32.78,29.7784693502,1727730,0.0,1.0
2018-08-27,32.7,33.74,32.7,33.28,30.2326863934,1756854,0.0,1.0
2018-08-28,33.35,33.97,33.24,33.41,30.3507828246,3089704,0.0,1.0
2018-08-29,33.44,34.18,33.37,34.0,30.8867589355,2639498,0.0,1.0
2018-08-30,33.92,34.15,33.79,33.98,30.8685902538,1767453,0.0,1.0
2018-08-31,33.91,33.91,32.73,32.97,29.9510718266,2892970,0.0,1.0
2018-09-04,32.98,33.23,32.23,32.38,29.4150957157,2243929,0.0,1.0
2018-09-05,32.08,32.08,31.36,31.67,28.7701075144,2178138,0.0,1.0
2018-09-06,31.67,31.92,30.69,30.99,28.1523723356,2983471,0.0,1.0
2018-09-07,30.7,31.6,30.45,31.42,28.5429989928,3463090,0.0,1.0
2018-09-10,31.56,32.29,31.5,31.93,29.0063003768,1898502,0.0,1.0
2018-09-11,31.98,32.77,31.79,32.59,29.6058668738,2681972,0.0,1.0
2018-09-12,32.96,33.23,32.35,32.4,29.4332643974,2647117,0.0,1.0
2018-09-13,32.28,32.3,31.7,32.28,29.324252307,2502303,0.0,1.0
2018-09-14,32.1,32.33,31.34,31.56,28.6701797649,3560319,0.0,1.0
2018-09-17,31.67,32.03,31.4,31.61,28.7156014692,2239435,0.0,1.0
2018-09-18,31.93,32.28,31.76,32.25,29.2969992844,3243165,0.0,1.0
2018-09-19,32.47,33.1,32.26,32.87,29.860228418,2636388,0.0,1.0
2018-09-20,33.26,33.52,32.37,32.46,29.4877704426,2204880,0.0,1.0
2018-09-21,32.48,32.92,32.19,32.9,29.8874814406,3918310,0.0,1.0
2018-09-24,33.23,33.54,32.52,32.84,29.8329753954,3079704,0.0,1.0
2018-09-25,33.15,33.8,33.12,33.47,30.4052888698,2961933,0.0,1.0
2018-09-26,33.23,33.94,33.06,33.82,30.7232408,3592419,0.0,1.0
2018-09-27,33.81,34.37,33.22,33.83,30.7323251409,4855110,0.0,1.0
2018-09-28,33.77,34.49,33.62,33.83,30.7323251409,3297710,0.0,1.0
2018-10-01,33.91,34.06,32.95,32.98,29.9601561675,4288934,0.0,1.0
2018-10-02,33.0,33.5,31.86,32.25,29.2969992844,3909957,0.0,1.0
2018-10-03,32.22,32.25,31.32,32.03,29.0971437854,6746579,0.0,1.0
2018-10-04,32.08,32.79,31.96,32.35,29.3878426931,3206912,0.0,1.0
2018-10-05,32.16,32.48,31.53,31.9,28.9790473542,2577969,0.0,1.0
2018-10-08,31.45,31.97,31.17,31.89,28.9699630134,2330921,0.0,1.0
2018-10-09,32.82,32.99,31.75,32.63,29.6422042372,2625832,0.0,1.0
2018-10-10,32.38,32.69,31.67,31.92,28.9972160359,3777081,0.0,1.0
2018-10-11,31.6,31.86,30.59,30.66,27.8525890872,3271626,0.0,1.0
2018-10-12,31.04,31.26,30.46,30.85,28.0251915636,2514088,0.0,1.0
2018-10-15,30.98,31.16,30.68,30.69,27.8798421097,2407805,0.0,1.0
2018-10-16,30.69,31.0,30.54,30.84,28.0161072227,3662137,0.0,1.0
2018-10-17,30.6,31.01,30.44,30.79,27.9706855184,2337061,0.0,1.0
2018-10-18,30.64,31.26,30.3,30.46,27.6709022699,4214734,0.0,1.0
2018-10-19,30.57,31.21,29.92,29.94,27.198516545,2728521,0.0,1.0
2018-10-22,29.97,30.0,29.22,29.99,27.2439382493,3779398,0.0,1.0
2018-10-23,29.18,29.22,28.63,28.88,26.2355764135,4074021,0.0,1.0
2018-10-24,29.02,29.17,27.36,27.39,24.8820096248,3614298,0.0,1.0
2018-10-25,27.82,28.16,27.47,27.55,25.0273590786,3299914,0.0,1.0
2018-10-26,27.1,27.95,26.68,27.36,24.8547566022,4953061,0.0,1.0
2018-10-29,27.5,27.77,26.1,26.59,24.1552623558,4944051,0.0,1.0
2018-10-30,27.51,27.51,25.55,27.26,24.7639131936,7803737,0.0,1.0
2018-10-31,27.4,27.7,26.63,26.69,24.2461057644,6849894,0.0,1.0
2018-11-01,26.91,27.13,25.56,25.89,23.5193584953,5757399,0.0,1.0
2018-11-02,26.12,26.48,25.56,26.07,23.6828766309,5121766,0.0,1.0
2018-11-05,26.51,26.96,26.05,26.85,24.3914552182,4958044,0.0,1.0
2018-11-06,26.88,27.3,26.6,27.16,24.673069785,6124132,0.0,1.0
2018-11-07,27.53,27.79,26.55,27.05,24.5731420355,3369561,0.0,1.0
2018-11-08,27.0,27.31,26.56,26.75,24.3006118096,4053441,0.0,1.0
2018-11-09,26.3,26.91,25.35,25.51,23.1741535425,8250516,0.0,1.0
2018-11-12,25.61,25.67,23.45,23.64,21.4753818011,7951561,0.0,1.0
2018-11-13,23.8,24.46,23.45,23.8,21.6207312549,12869647,0.0,1.0
2018-11-14,23.26,23.76,22.55,23.15,21.0302490987,79090492,0.0,1.0
2018-11-15,23.2,23.77,22.91,23.28,21.3118636655,15060232,0.18,1.0
2018-11-16,23.5,23.8,23.25,23.37,21.394254891,16835848,0.0,1.0
2018-11-19,23.3,23.55,22.68,23.0,21.0555354084,9407796,0.0,1.0
2018-11-20,22.47,22.72,21.9,22.41,20.5154151522,10927452,0.0,1.0
2018-11-21,22.78,22.98,22.41,22.52,20.616115539,5112232,0.0,1.0
2018-11-23,21.82,22.47,21.67,22.46,20.5611880553,3648090,0.0,1.0
2018-11-26,22.7,22.94,22.34,22.66,20.7442796676,6159320,0.0,1.0
2018-11-27,22.64,22.71,22.2,22.38,20.4879514104,9160281,0.0,1.0
2018-11-28,22.46,22.98,22.12,22.94,21.0006079247,5843916,0.0,1.0
2018-11-29,23.0,23.41,22.8,23.11,21.1562357951,6214876,0.0,1.0
2018-11-30,22.86,23.08,22.41,22.82,20.8907529573,14481781,0.0,1.0
2018-12-03,23.34,23.55,22.71,23.25,21.2843999237,8005243,0.0,1.0
2018-12-04,23.27,23.45,22.06,22.14,20.2682414757,6976513,0.0,1.0
2018-12-06,21.63,21.71,21.05,21.47,19.6548845747,7052143,0.0,1.0
2018-12-07,21.96,22.3,21.52,21.66,19.8288216063,5081164,0.0,1.0
2018-12-10,21.34,21.6,20.85,21.27,19.4717929624,4871029,0.0,1.0
2018-12-11,21.58,21.72,20.81,21.29,19.4901021237,6700026,0.0,1.0
2018-12-12,21.66,22.08,21.56,21.57,19.7464303808,5014283,0.0,1.0
2018-12-13,21.42,22.16,21.27,22.03,20.167541089,5966935,0.0,1.0
2018-12-14,21.81,22.08,21.28,21.45,19.6365754135,9238410,0.0,1.0
2018-12-17,21.4,22.09,21.28,21.62,19.7922032839,6504954,0.0,1.0
2018-12-18,21.61,21.79,21.05,21.22,19.4260200594,5191393,0.0,1.0
2018-12-19,21.48,22.22,20.82,21.04,19.2612376084,8910841,0.0,1.0
2018-12-20,20.75,21.39,20.69,20.82,19.0598368349,6532902,0.0,1.0
2018-12-21,20.69,21.33,20.65,20.87,19.1056097379,10352767,0.0,1.0
2018-12-24,20.74,21.24,20.46,20.48,18.7485810941,2644118,0.0,1.0
2018-12-26,20.6,21.52,20.09,21.52,19.7006574777,4106346,0.0,1.0
2018-12-27,21.05,21.49,20.41,21.48,19.6640391553,6580952,0.0,1.0
2018-12-28,21.63,22.115,21.145,21.44,19.6274208328,4525218,0.0,1.0
2018-12-31,21.57,21.5812,21.005,21.5,19.6823483165,3802242,0.0,1.0
2019-01-02,21.19,21.63,20.84,21.05,19.270392189,7149983,0.0,1.0
2019-01-03,21.09,21.35,20.54,20.91,19.1422280604,6672873,0.0,1.0
2019-01-04,21.34,22.12,21.27,21.96,20.1034590247,5040397,0.0,1.0
2019-01-07,21.94,22.75,21.82,22.55,20.6435792808,4740142,0.0,1.0
2019-01-08,22.83,23.27,22.64,23.21,21.2477816012,4959081,0.0,1.0
2019-01-09,23.5,23.78,23.17,23.17,21.2111632788,5216957,0.0,1.0
2019-01-10,23.02,23.77,22.93,23.35,21.3759457298,5316546,0.0,1.0
2019-01-11,23.14,23.25,22.7,23.1,21.1470812145,4876129,0.0,1.0
2019-01-14,22.86,23.36,22.69,23.24,21.2752453431,4804136,0.0,1.0
2019-01-15,23.36,23.65,22.95,23.02,21.0738445696,3370659,0.0,1.0
2019-01-16,22.93,23.28,22.78,23.15,21.1928541176,4029183,0.0,1.0
2019-01-17,22.91,23.71,22.77,23.65,21.6505831482,3884342,0.0,1.0
2019-01-18,23.98,24.36,23.73,24.12,22.080848437,4566736,0.0,1.0
2019-01-22,23.87,24.02,23.49,23.77,21.7604381155,5088909,0.0,1.0
2019-01-23,23.76,23.9,22.94,22.98,21.0372262471,4654902,0.0,1.0
2019-01-24,22.84,23.36,22.79,23.04,21.0921537308,4706588,0.0,1.0
2019-01-25,23.31,23.66,22.98,23.49,21.5041098584,6687158,0.0,1.0
2019-01-28,23.28,23.28,22.62,22.98,21.0372262471,4181102,0.0,1.0
2019-01-29,23.21,23.36,23.02,23.16,21.2020086982,3365236,0.0,1.0
2019-01-30,23.28,24.16,23.18,23.94,21.9160659859,4274935,0.0,1.0
2019-01-31,24.07,24.96,23.44,23.57,21.5773465033,9064881,0.0,1.0
2019-02-01,23.52,24.59,23.38,24.35,22.4561862421,4559396,0.18,1.0
2019-02-04,24.27,25.01,23.96,24.58,22.6682980628,6067042,0.0,1.0
2019-02-05,24.56,25.2,24.55,25.03,23.0832994513,6189192,0.0,1.0
2019-02-06,25.02,25.37,24.86,24.88,22.9449656551,4800917,0.0,1.0
2019-02-07,24.69,25.04,23.86,24.39,22.4930752544,5052330,0.0,1.0
2019-02-08,24.28,24.69,24.18,24.61,22.6959648221,4403710,0.0,1.0
2019-02-11,24.42,24.94,24.33,24.82,22.8896321367,3831120,0.0,1.0
2019-02-12,25.12,25.3,24.58,24.74,22.8158541121,6388382,0.0,1.0
2019-02-13,24.76,25.57,24.71,25.13,23.175521982,4004429,0.0,1.0
2019-02-14,25.0,25.75,24.98,25.64,23.645856889,6223615,0.0,1.0
2019-02-15,25.89,26.03,25.68,25.83,23.8210796974,4119217,0.0,1.0
2019-02-19,25.69,26.14,25.55,26.09,24.0608582774,2939748,0.0,1.0
2019-02-20,26.13,26.98,26.13,26.58,24.5127486782,4672652,0.0,1.0
2019-02-21,26.67,26.67,26.115,26.27,24.2268588328,4052337,0.0,1.0
2019-02-22,26.49,26.56,26.21,26.35,24.3006368574,3507233,0.0,1.0
2019-02-25,26.26,26.92,26.18,26.75,24.6695269805,3392995,0.0,1.0
2019-02-26,26.78,27.09,26.44,26.75,24.6695269805,4086698,0.0,1.0
2019-02-27,26.8,26.89,26.53,26.67,24.5957489559,2526600,0.0,1.0
2019-02-28,26.76,26.8,26.16,26.38,24.3283036167,4311573,0.0,1.0
2019-03-01,26.58,27.13,26.53,27.1,24.9923058382,4128479,0.0,1.0
2019-03-04,27.28,27.51,26.73,27.09,24.9830835851,4308291,0.0,1.0
2019-03-05,27.15,27.18,26.76,27.11,25.0015280913,4287719,0.0,1.0
2019-03-06,27.03,27.03,26.18,26.31,24.2637478451,4412512,0.0,1.0
2019-03-07,26.29,26.36,25.75,26.05,24.0239692651,3988692,0.0,1.0
2019-03-08,25.64,25.79,25.22,25.73,23.7288571667,3554655,0.0,1.0
2019-03-11,26.08,26.78,26.03,26.5,24.4389706536,4562974,0.0,1.0
2019-03-12,26.65,26.91,26.57,26.82,24.734082752,3879369,0.0,1.0
2019-03-13,27.08,27.37,26.96,27.25,25.1306396343,3097561,0.0,1.0
2019-03-14,27.28,27.79,27.25,27.71,25.5548632759,5624223,0.0,1.0
2019-03-15,27.555,28.03,27.555,27.85,25.6839748189,9978705,0.0,1.0
2019-03-18,28.01,28.41,28.01,28.18,25.9883091705,4398011,0.0,1.0
2019-03-19,28.46,28.61,27.66,27.82,25.6563080597,4848429,0.0,1.0
2019-03-20,27.84,28.48,27.63,28.25,26.052864942,4939724,0.0,1.0
2019-03-21,28.17,28.65,27.96,28.46,26.2465322566,3163705,0.0,1.0
2019-03-22,28.27,28.32,27.15,27.16,25.0476393566,4306279,0.0,1.0
2019-03-25,26.95,27.47,26.89,27.43,25.2966401897,2448312,0.0,1.0
2019-03-26,27.68,28.11,27.34,27.68,25.5271965166,2738072,0.0,1.0
2019-03-27,27.69,27.88,27.11,27.28,25.1583063936,2487843,0.0,1.0
2019-03-28,27.16,27.45,26.87,27.16,25.0476393566,3084932,0.0,1.0
2019-03-29,27.48,27.82,27.32,27.72,25.5640855289,7450791,0.0,1.0
2019-04-01,27.92,28.15,27.64,27.84,25.6747525659,4567208,0.0,1.0
2019-04-02,27.86,27.93,26.84,26.99,24.8908610543,5730234,0.0,1.0
2019-04-03,27.18,27.44,26.25,26.47,24.4113038943,5337981,0.0,1.0
2019-04-04,26.56,26.78,26.18,26.77,24.6879714866,4255883,0.0,1.0
2019-04-05,26.83,27.14,26.65,26.78,24.6971937397,3982865,0.0,1.0
2019-04-08,26.85,27.27,26.49,26.82,24.734082752,4881756,0.0,1.0
2019-04-09,26.69,26.83,26.38,26.68,24.604971209,4457658,0.0,1.0
2019-04-10,26.81,26.98,26.68,26.87,24.7801940174,3018878,0.0,1.0
2019-04-11,26.84,26.99,26.39,26.66,24.5865267028,2695470,0.0,1.0
2019-04-12,27.07,27.13,26.33,26.38,24.3283036167,4508592,0.0,1.0
2019-04-15,26.25,26.44,25.92,25.95,23.9317467343,2892533,0.0,1.0
2019-04-16,26.05,26.14,25.61,25.84,23.8303019505,4412250,0.0,1.0
2019-04-17,25.98,26.28,25.57,25.78,23.774968432,3486895,0.0,1.0
2019-04-18,25.87,26.05,25.44,25.6,23.6089678767,2879382,0.0,1.0
2019-04-22,25.81,26.68,25.65,26.6,24.5311931843,4087683,0.0,1.0
2019-04-23,26.6,26.93,25.81,25.97,23.9501912405,7332265,0.0,1.0
2019-04-24,26.08,26.24,25.58,25.61,23.6181901297,3725294,0.0,1.0
2019-04-25,25.6,25.91,25.44,25.57,23.5813011174,4365776,0.0,1.0
2019-04-26,25.32,25.775,25.15,25.58,23.5905233705,3062910,0.0,1.0
2019-04-29,25.48,26.05,25.46,25.97,23.9501912405,3721974,0.0,1.0
2019-04-30,25.64,25.81,23.75,24.02,22.1518518905,10786054,0.0,1.0
2019-05-01,23.95,24.34,23.42,23.55,21.7184059959,7400460,0.0,1.0
2019-05-02,23.41,23.82,23.18,23.52,21.6907392367,4682408,0.0,1.0
2019-05-03,23.8,24.28,23.76,24.13,22.2532966744,4917106,0.0,1.0
2019-05-06,23.81,24.24,23.7,23.94,22.0780738659,3463070,0.0,1.0
2019-05-07,23.6,23.64,23.01,23.21,21.4048493913,2857092,0.0,1.0
2019-05-08,23.25,23.4,22.88,22.95,21.1650708113,3673972,0.0,1.0
2019-05-09,22.76,22.77,22.17,22.61,20.8515142067,6478687,0.0,1.0
2019-05-10,22.52,22.57,22.04,22.32,20.5840688675,3950586,0.0,1.0
2019-05-13,22.01,22.09,21.31,21.74,20.049178189,4444116,0.0,1.0
2019-05-14,21.97,22.46,21.97,22.28,20.5471798552,3404195,0.0,1.0
2019-05-15,22.02,22.82,21.92,22.74,20.9714034967,2678868,0.0,1.0
2019-05-16,22.8,23.0,22.59,22.98,21.1927375705,3052548,0.0,1.0
2019-05-17,22.7,23.27,22.66,22.91,21.128181799,4270066,0.0,1.0
2019-05-20,22.66,23.36,22.63,23.29,21.6446279713,4750607,0.18,1.0
2019-05-21,23.29,23.83,23.27,23.61,21.9420208846,3882647,0.0,1.0
2019-05-22,23.35,23.54,23.23,23.36,21.7096826711,5351212,0.0,1.0
2019-05-23,22.86,23.08,22.44,23.06,21.4308768149,6555621,0.0,1.0
2019-05-24,23.22,23.36,22.14,22.21,20.6409268889,5048168,0.0,1.0
2019-05-28,22.25,22.38,21.89,22.17,20.6037527747,4250319,0.0,1.0
2019-05-29,21.84,21.84,21.35,21.7,20.1669569333,4032984,0.0,1.0
2019-05-30,21.64,21.77,21.0,21.17,19.6743999207,3345422,0.0,1.0
2019-05-31,20.76,21.47,20.6,21.41,19.8974446056,5449854,0.0,1.0
2019-06-03,21.5,22.14,21.47,21.84,20.2970663329,5017354,0.0,1.0
2019-06-04,22.13,22.29,21.51,22.04,20.4829369037,4720498,0.0,1.0
2019-06-05,22.05,22.28,21.45,22.23,20.659513946,3905745,0.0,1.0
2019-06-06,22.27,23.08,22.21,22.95,21.3286480009,5709917,0.0,1.0
2019-06-07,23.08,23.54,22.82,23.32,21.6725085569,4241017,0.0,1.0
2019-06-10,23.48,23.765,23.26,23.41,21.7561503138,3219558,0.0,1.0
2019-06-11,23.6,23.72,23.14,23.16,21.5238121003,3697538,0.0,1.0
2019-06-12,22.92,22.99,22.28,22.3,20.7245686458,3622549,0.0,1.0
2019-06-13,22.62,22.79,22.35,22.78,21.1706580157,3088787,0.0,1.0
2019-06-14,22.75,22.75,21.77,22.15,20.5851657177,4031725,0.0,1.0
2019-06-17,22.12,22.83,21.91,22.4,20.8175039312,3804710,0.0,1.0
2019-06-18,22.47,23.16,22.44,23.09,21.4587574005,5238131,0.0,1.0
2019-06-19,23.16,23.37,22.93,23.32,21.6725085569,3187386,0.0,1.0
2019-06-20,23.68,24.44,23.68,24.36,22.6390355252,4282407,0.0,1.0
2019-06-21,24.43,25.2,24.43,25.17,23.3918113369,7018115,0.0,1.0
2019-06-24,25.2,25.35,24.63,24.72,22.9736025526,3145751,0.0,1.0
2019-06-25,24.65,24.81,24.35,24.62,22.8806672672,2885682,0.0,1.0
2019-06-26,24.78,25.32,24.63,24.75,23.0014831382,3669719,0.0,1.0
2019-06-27,24.74,25.01,24.56,24.69,22.945721967,3301872,0.0,1.0
2019-06-28,24.76,25.07,24.42,24.63,22.8899607958,9899315,0.0,1.0
2019-07-01,24.99,25.5,24.93,25.18,23.4011048655,4265855,0.0,1.0
2019-07-02,25.16,25.36,24.23,24.52,22.7877319818,6348563,0.0,1.0
2019-07-03,24.65,24.65,24.02,24.51,22.7784384533,1584480,0.0,1.0
2019-07-05,24.36,24.55,24.17,24.55,22.8156125674,1951786,0.0,1.0
2019-07-08,24.49,25.2,24.33,25.19,23.410398394,3622935,0.0,1.0
2019-07-09,25.06,25.13,24.84,25.0,23.2338213518,3473169,0.0,1.0
2019-07-10,25.25,25.45,25.03,25.38,23.5869754363,2234182,0.0,1.0
2019-07-11,25.32,25.36,25.0,25.24,23.4568660367,3322789,0.0,1.0
2019-07-12,25.34,25.44,24.98,25.01,23.2431148803,2563664,0.0,1.0
2019-07-15,25.03,25.06,24.62,24.69,22.945721967,3081302,0.0,1.0
2019-07-16,24.63,24.65,24.04,24.09,22.3881102546,5331879,0.0,1.0
2019-07-17,24.1,24.27,23.19,23.19,21.5516926859,8301958,0.0,1.0
2019-07-18,23.13,23.33,22.59,23.31,21.6632150284,11212927,0.0,1.0
2019-07-19,23.3,23.77,23.03,23.56,21.8955532419,5472146,0.0,1.0
2019-07-22,23.7,24.15,23.7,23.96,22.2672943835,4344434,0.0,1.0
2019-07-23,23.96,24.52,23.94,24.31,22.5925678824,4163286,0.0,1.0
2019-07-24,24.3,25.0,24.3,24.86,23.1037119522,2889184,0.0,1.0
2019-07-25,25.0,25.02,24.4,24.62,22.8806672672,3395960,0.0,1.0
2019-07-26,24.49,24.91,24.49,24.84,23.0851248951,3898266,0.0,1.0
2019-07-29,24.79,24.83,23.87,24.09,22.3881102546,2924713,0.0,1.0
2019-07-30,23.92,24.57,23.64,24.51,22.7784384533,6000124,0.0,1.0
2019-07-31,24.9,25.95,24.61,25.39,23.5962689648,7307153,0.0,1.0
2019-08-01,24.94,25.79,24.75,25.27,23.4847466224,6346445,0.0,1.0
2019-08-02,25.37,25.37,23.93,24.08,22.378816726,5043223,0.0,1.0
2019-08-05,23.59,23.95,23.4,23.81,22.1278914554,4401181,0.0,1.0
2019-08-06,24.01,24.18,23.16,23.69,22.0163691129,3429919,0.0,1.0
2019-08-07,23.08,23.46,22.74,23.36,21.7096826711,4421614,0.0,1.0
2019-08-08,23.4,24.16,23.07,24.14,22.4345778973,4279518,0.0,1.0
2019-08-09,24.1,24.11,23.39,23.68,22.0070755844,3147238,0.0,1.0
2019-08-12,23.5,23.93,23.29,23.42,21.9327273561,4013332,0.18,1.0
2019-08-13,23.31,23.97,23.23,23.57,22.0732016986,3338367,0.0,1.0
2019-08-14,22.93,23.01,21.76,22.01,20.6122685357,5437432,0.0,1.0
2019-08-15,21.77,21.86,20.43,20.71,19.3948242333,7326650,0.0,1.0
2019-08-16,20.87,21.3,20.62,21.06,19.7225976993,6012702,0.0,1.0
2019-08-19,21.5,21.7,21.24,21.42,20.0597361216,4086993,0.0,1.0
2019-08-20,21.28,21.29,20.73,21.11,19.7694224802,4000047,0.0,1.0
2019-08-21,21.29,21.4,21.1,21.24,19.8911669104,2905976,0.0,1.0
2019-08-22,21.28,21.96,21.28,21.43,20.0691010777,4029795,0.0,1.0
2019-08-23,21.04,21.85,20.79,20.88,19.5540284882,5048700,0.0,1.0
2019-08-26,21.2,21.48,20.95,21.3,19.9473566475,4018410,0.0,1.0
2019-08-27,21.56,21.82,21.25,21.29,19.9379916913,3887431,0.0,1.0
2019-08-28,21.35,21.99,21.17,21.64,20.2657651573,4268786,0.0,1.0
2019-08-29,21.86,22.27,21.76,21.88,20.4905241055,3308547,0.0,1.0
2019-08-30,22.03,22.2,21.59,21.69,20.3125899382,4984746,0.0,1.0
2019-09-03,21.27,22.21,21.1,22.15,20.7433779221,5157378,0.0,1.0
2019-09-04,22.45,22.69,22.19,22.61,21.1741659061,5410469,0.0,1.0
2019-09-05,23.04,24.04,22.94,23.52,22.0263769178,4927400,0.0,1.0
2019-09-06,23.38,23.65,23.16,23.53,22.035741874,3743978,0.0,1.0
2019-09-09,23.66,24.29,23.54,24.18,22.6444640252,4468025,0.0,1.0
2019-09-10,24.38,24.73,24.02,24.11,22.578909332,3549789,0.0,1.0
2019-09-11,23.25,23.7,22.22,22.29,20.8744873086,12379795,0.0,1.0
2019-09-12,21.65,22.88,21.36,22.64,21.2022607746,67849370,0.0,1.0
2019-09-13,22.96,23.0,22.2,22.72,21.277180424,10862263,0.0,1.0
2019-09-16,23.53,23.89,22.64,23.81,22.2979606468,22345258,0.0,1.0
2019-09-17,23.39,23.7,22.85,23.38,21.8952675314,8637562,0.0,1.0
2019-09-18,23.35,23.74,23.08,23.23,21.7547931888,5778994,0.0,1.0
2019-09-19,23.46,23.53,23.1,23.21,21.7360632764,4714542,0.0,1.0
2019-09-20,23.27,23.6,22.92,23.59,22.091931611,14556483,0.0,1.0
2019-09-23,23.45,24.39,23.45,23.9,22.3822452523,12266813,0.0,1.0
2019-09-24,23.69,24.11,23.24,23.65,22.148121348,8521293,0.0,1.0
2019-09-25,23.4,24.29,23.35,24.29,22.7474785431,8957618,0.0,1.0
2019-09-26,24.08,24.18,23.4,23.93,22.4103401209,8709360,0.0,1.0
2019-09-27,23.84,24.38,23.71,24.04,22.5133546388,31637336,0.0,1.0
2019-09-30,23.88,24.01,23.03,23.2,21.7266983203,8175916,0.0,1.0
2019-10-01,23.38,23.39,22.66,22.67,21.2303556431,6917323,0.0,1.0
2019-10-02,22.65,22.65,22.07,22.14,20.734012966,5016424,0.0,1.0
2019-10-03,22.03,22.7,21.78,22.69,21.2490855555,5887271,0.0,1.0
2019-10-04,22.69,22.8,22.29,22.47,21.0430565197,4581755,0.0,1.0
2019-10-07,22.49,22.55,21.89,21.9,20.5092540178,3911465,0.0,1.0
2019-10-08,21.69,21.82,21.37,21.38,20.0222762969,3187919,0.0,1.0
2019-10-09,21.63,21.67,21.27,21.61,20.2376702888,2514944,0.0,1.0
2019-10-10,21.73,21.96,21.68,21.8,20.4156044561,3245840,0.0,1.0
2019-10-11,22.12,22.49,21.95,22.23,20.8182975715,5358817,0.0,1.0
2019-10-14,21.92,22.39,21.8,22.32,20.9025821771,3674201,0.0,1.0
2019-10-15,22.32,22.69,22.2,22.3,20.8838522647,4684908,0.0,1.0
2019-10-16,22.31,22.42,21.96,21.99,20.5935386234,3548011,0.0,1.0
2019-10-17,22.17,22.56,22.04,22.08,20.6778232289,4260906,0.0,1.0
2019-10-18,22.08,22.08,22.08,22.08,20.6778232289,2826912,0.0,1.0
2019-10-21,21.76,22.33,21.54,22.12,20.7152830536,7276078,0.0,1.0
2019-10-22,22.28,22.86,22.1,22.63,21.1928958184,2929518,0.0,1.0
2019-10-23,22.5,23.2,22.3,23.12,21.6517786709,4109527,0.0,1.0
2019-10-24,23.05,23.07,21.95,22.33,20.9119471333,3845270,0.0,1.0
2019-10-25,22.3,22.61,22.24,22.38,20.9587719141,4691918,0.0,1.0
2019-10-28,22.55,22.69,21.83,21.99,20.5935386234,4371610,0.0,1.0
2019-10-29,21.82,22.49,21.59,21.9,20.5092540178,8288468,0.0,1.0
2019-10-30,22.53,23.12,21.54,21.62,20.247035245,6093901,0.0,1.0
2019-10-31,21.47,21.52,20.92,21.4,20.0410062092,5869188,0.0,1.0
2019-11-01,21.5,21.97,21.35,21.9,20.5092540178,4457662,0.0,1.0
2019-11-04,22.08,22.55,21.96,22.35,20.9306770456,4923629,0.0,1.0
2019-11-05,22.24,22.79,22.1,22.63,21.1928958184,4480114,0.0,1.0
2019-11-06,22.57,22.68,21.85,21.95,20.5560787987,3541335,0.0,1.0
2019-11-07,22.01,22.34,21.91,22.08,20.84639244,3944115,0.18,1.0
2019-11-08,21.87,22.27,21.59,22.25,21.0068945558,3007215,0.0,1.0
2019-11-11,21.9,22.32,21.51,22.21,20.9691293521,2488244,0.0,1.0
2019-11-12,22.39,22.45,21.91,22.09,20.855833741,3221809,0.0,1.0
2019-11-13,21.96,22.03,21.57,21.64,20.4309751994,2236542,0.0,1.0
2019-11-14,21.64,22.01,21.54,21.89,20.6670077225,2587210,0.0,1.0
2019-11-15,22.13,22.85,22.09,22.69,21.4223117964,4730917,0.0,1.0
2019-11-18,22.58,22.58,21.82,22.17,20.9313641484,11292789,0.0,1.0
2019-11-19,22.15,22.34,21.82,22.01,20.7803033336,3623046,0.0,1.0
2019-11-20,22.26,22.79,22.06,22.42,21.1673966715,3386450,0.0,1.0
2019-11-21,22.58,22.7,22.3,22.59,21.3278987872,3067815,0.0,1.0
2019-11-22,22.59,23.05,22.39,22.42,21.1673966715,3481081,0.0,1.0
2019-11-25,22.3,22.75,22.08,22.54,21.2806922825,3678493,0.0,1.0
2019-11-26,22.56,22.71,22.39,22.61,21.346781389,7784770,0.0,1.0
2019-11-27,22.52,22.67,22.16,22.55,21.2901335835,3115537,0.0,1.0
2019-11-29,22.32,22.67,22.23,22.42,21.1673966715,1993600,0.0,1.0
2019-12-02,22.41,22.55,21.87,22.14,20.9030402456,3491414,0.0,1.0
2019-12-03,21.82,21.93,21.31,21.32,20.1288535698,5288155,0.0,1.0
2019-12-04,21.52,22.17,21.43,22.17,20.9313641484,4406584,0.0,1.0
2019-12-05,22.32,22.44,22.06,22.14,20.9030402456,2855644,0.0,1.0
2019-12-06,22.14,22.54,22.02,22.21,20.9691293521,5339741,0.0,1.0
2019-12-09,22.13,22.69,22.05,22.25,21.0068945558,4963498,0.0,1.0
2019-12-10,22.85,22.93,22.18,22.34,21.0918662641,8649498,0.0,1.0
2019-12-11,22.38,22.72,22.38,22.68,21.4128704955,7715927,0.0,1.0
2019-12-12,22.89,23.89,22.7,23.76,22.4325309953,7255407,0.0,1.0
2019-12-13,23.99,24.05,23.59,23.64,22.3192353842,4890618,0.0,1.0
2019-12-16,23.88,24.25,23.73,23.95,22.6119157128,5239288,0.0,1.0
2019-12-17,23.94,24.38,23.87,24.37,23.0084503516,4806565,0.0,1.0
2019-12-18,24.38,24.9,24.25,24.73,23.3483371849,5406835,0.0,1.0
2019-12-19,24.61,25.05,24.61,24.97,23.5749284071,4404477,0.0,1.0
2019-12-20,25.07,25.28,24.88,25.09,23.6882240181,10048096,0.0,1.0
2019-12-23,25.02,25.6,24.99,25.51,24.084758657,3453694,0.0,1.0
2019-12-24,25.42,25.74,25.41,25.48,24.0564347542,958438,0.0,1.0
2019-12-26,25.71,25.72,25.42,25.56,24.1319651616,2146708,0.0,1.0
2019-12-27,25.66,25.81,25.35,25.49,24.0658760551,2555934,0.0,1.0
2019-12-30,25.57,25.9,25.49,25.63,24.198054268,2828499,0.0,1.0
2019-12-31,25.4,25.64,25.09,25.63,24.198054268,3114145,0.0,1.0
2020-01-02,25.68,25.73,25.34,25.61,24.1791716662,4714909,0.0,1.0
2020-01-03,25.95,25.99,25.36,25.64,24.207495569,3125678,0.0,1.0
2020-01-06,25.72,25.79,25.46,25.52,24.0941999579,4244463,0.0,1.0
2020-01-07,25.26,25.46,24.31,25.09,23.6882240181,5493390,0.0,1.0
2020-01-08,25.02,25.27,24.73,24.77,23.3861023886,5871695,0.0,1.0
2020-01-09,24.86,25.1,24.54,25.04,23.6410175135,3452836,0.0,1.0
2020-01-10,24.96,25.0,24.73,24.86,23.4710740969,3548686,0.0,1.0
2020-01-13,24.83,24.83,24.31,24.41,23.0462155553,6227506,0.0,1.0
2020-01-14,24.0,24.09,23.71,24.02,22.6780048193,7146009,0.0,1.0
2020-01-15,23.79,23.95,23.21,23.32,22.0171137546,4815352,0.0,1.0
2020-01-16,23.38,23.72,23.34,23.51,22.1964984722,5739674,0.0,1.0
2020-01-17,23.43,23.85,23.4,23.61,22.2909114814,5454792,0.0,1.0
2020-01-21,23.48,23.51,22.68,22.73,21.4600770001,9748894,0.0,1.0
2020-01-22,22.84,23.36,21.84,22.68,21.4128704955,8477893,0.0,1.0
2020-01-23,22.36,23.15,22.31,22.96,21.6772269214,7188458,0.0,1.0
2020-01-24,22.85,23.05,22.55,22.86,21.5828139121,5023568,0.0,1.0
2020-01-27,21.57,22.46,21.52,22.05,20.8180685373,5917013,0.0,1.0
2020-01-28,22.1,22.34,21.84,21.9,20.6764490234,5238237,0.0,1.0
2020-01-29,22.06,22.23,21.38,21.48,20.2799143846,5450265,0.0,1.0
2020-01-30,21.19,22.36,21.12,22.35,21.101307565,7346422,0.0,1.0
2020-01-31,21.73,21.81,21.38,21.66,20.6198012179,5341301,0.18,1.0
2020-02-03,21.57,21.84,21.43,21.51,20.4770048105,4837012,0.0,1.0
2020-02-04,21.82,22.04,21.2,21.31,20.2866096008,6352265,0.0,1.0
2020-02-05,21.69,21.97,21.56,21.85,20.8006766672,4678408,0.0,1.0
2020-02-06,21.96,22.33,21.85,22.23,21.1624275657,4529054,0.0,1.0
2020-02-07,21.98,22.55,21.88,22.45,21.3718622965,4115912,0.0,1.0
2020-02-10,22.26,22.36,22.03,22.15,21.0862694818,3183971,0.0,1.0
2020-02-11,22.49,22.58,22.11,22.14,21.0767497213,4126710,0.0,1.0
2020-02-12,22.42,22.59,21.91,22.16,21.0957892423,6024993,0.0,1.0
2020-02-13,22.11,22.21,21.97,22.08,21.0196311584,3625028,0.0,1.0
2020-02-14,22.06,22.18,21.78,21.98,20.9244335535,2657661,0.0,1.0
2020-02-18,21.56,21.64,20.82,20.91,19.9058191812,6982649,0.0,1.0
2020-02-19,21.11,21.15,20.67,20.81,19.8106215764,6735131,0.0,1.0
2020-02-20,20.7,20.96,20.5,20.66,19.667825169,5010987,0.0,1.0
2020-02-21,20.46,20.57,20.07,20.53,19.5440682827,5956173,0.0,1.0
2020-02-24,19.73,19.77,19.17,19.48,18.5444934314,8656917,0.0,1.0
2020-02-25,19.69,19.7,18.56,18.62,17.7257940294,8797804,0.0,1.0
2020-02-26,18.78,18.78,17.67,17.76,16.9070946274,11815236,0.0,1.0
2020-02-27,17.39,17.6,16.67,16.67,15.8694407342,10548514,0.0,1.0
2020-02-28,16.03,16.4,15.71,16.09,15.3172946258,28760030,0.0,1.0
2020-03-02,16.39,17.19,15.89,17.17,16.3454287586,10599830,0.0,1.0
2020-03-03,17.14,17.4,16.2,16.53,15.7361640873,9923921,0.0,1.0
2020-03-04,16.81,17.3,16.6,17.28,16.450146124,8520500,0.0,1.0
2020-03-05,16.66,17.0,16.52,16.96,16.1455137883,9556403,0.0,1.0
2020-03-06,16.34,16.62,15.96,16.08,15.3077748653,14902357,0.0,1.0
2020-03-09,13.33,14.75,12.25,12.5,11.8997006105,20121517,0.0,1.0
2020-03-10,13.28,13.84,12.37,13.76,13.099190432,11374583,0.0,1.0
2020-03-11,13.16,13.32,12.28,12.71,12.0996155808,10754187,0.0,1.0
2020-03-12,11.6,12.07,10.58,10.7,10.1861437226,11136853,0.0,1.0
2020-03-13,11.83,12.73,10.9,12.73,12.1186551017,9728863,0.0,1.0
2020-03-16,11.07,12.53,10.01,11.61,11.052441927,14284835,0.0,1.0
2020-03-17,11.87,12.03,10.69,11.25,10.7097305494,12478615,0.0,1.0
2020-03-18,10.14,10.92,9.18,9.7,9.23416767375,12549136,0.0,1.0
2020-03-19,9.77,10.89,9.19,10.14,9.65303713524,9058960,0.0,1.0
2020-03-20,10.19,10.62,9.6,10.0,9.5197604884,12003106,0.0,1.0
2020-03-23,10.11,10.14,9.12,9.33,8.88193653568,9818820,0.0,1.0
2020-03-24,9.67,11.35,9.67,11.25,10.7097305494,9503161,0.0,1.0
2020-03-25,11.47,12.38,10.52,11.62,11.0619616875,5685355,0.0,1.0
2020-03-26,11.78,12.63,11.53,12.4,11.8045030056,5350815,0.0,1.0
2020-03-27,11.78,12.18,11.55,11.88,11.3094754602,6679060,0.0,1.0
2020-03-30,11.52,11.79,10.67,10.96,10.4336574953,11667548,0.0,1.0
2020-03-31,11.16,11.32,10.3,10.5,9.99574851282,10741483,0.0,1.0
2020-04-01,10.09,10.1,9.44,9.8,9.32936527863,9627820,0.0,1.0
2020-04-02,10.17,11.21,9.9,10.36,9.86247186598,8703619,0.0,1.0
2020-04-03,10.68,10.87,10.25,10.4,9.90055090793,7730298,0.0,1.0
2020-04-06,11.27,11.85,10.8,11.75,11.1857185739,7938277,0.0,1.0
2020-04-07,12.61,13.3,12.24,12.41,11.8140227661,8167798,0.0,1.0
2020-04-08,12.96,13.0,12.36,12.9,12.28049103,4948826,0.0,1.0
2020-04-09,13.62,14.14,12.13,12.86,12.2424119881,7339547,0.0,1.0
2020-04-13,13.34,13.46,12.62,13.29,12.6517616891,7171946,0.0,1.0
2020-04-14,13.24,13.48,12.67,13.35,12.708880252,5122781,0.0,1.0
2020-04-15,12.55,12.97,12.26,12.91,12.2900107905,6779729,0.0,1.0
2020-04-16,12.93,12.94,12.37,12.59,11.9853784549,6423817,0.0,1.0
2020-04-17,12.38,13.06,12.37,13.03,12.4042479164,7624768,0.0,1.0
2020-04-20,12.08,13.56,12.01,12.98,12.3566491139,5613582,0.0,1.0
2020-04-21,12.46,13.3,12.42,12.75,12.1376946227,6510891,0.0,1.0
2020-04-22,13.5,13.98,12.09,12.99,12.3661688744,11572966,0.0,1.0
2020-04-23,13.16,13.9,12.95,13.57,12.9183149828,9171679,0.0,1.0
2020-04-24,13.92,14.23,13.27,13.42,12.7755185754,6927526,0.0,1.0
2020-04-27,13.1,13.8,12.78,13.6,12.9468742642,5427663,0.0,1.0
2020-04-28,14.0,14.26,13.59,14.2,13.5180598935,5881313,0.0,1.0
2020-04-29,14.77,14.92,14.3,14.81,14.0987652833,6010658,0.0,1.0
2020-04-30,14.67,14.79,13.79,13.95,13.2800658813,6900537,0.0,1.0
2020-05-01,13.58,13.88,13.46,13.7,13.0420718691,5571476,0.0,1.0
2020-05-04,13.31,14.05,13.29,13.97,13.2991054023,5112541,0.0,1.0
2020-05-05,14.5,14.64,13.5,13.6,12.9468742642,5556167,0.0,1.0
2020-05-06,13.55,13.74,12.92,12.93,12.3090503115,5167444,0.0,1.0
2020-05-07,13.33,14.07,13.3,14.02,13.3467042047,6381325,0.0,1.0
2020-05-08,14.37,15.02,14.14,15.01,14.2891604931,7740913,0.0,1.0
2020-05-11,14.75,14.89,14.39,14.62,13.917889834,4729566,0.0,1.0
2020-05-12,14.81,15.03,14.34,14.57,13.8702910316,6058967,0.0,1.0
2020-05-13,14.34,14.56,13.55,13.61,12.9563940247,5050345,0.0,1.0
2020-05-14,13.31,14.33,13.1,14.0,13.3276646838,4876616,0.0,1.0
2020-05-15,13.92,14.49,13.71,13.76,13.099190432,5540361,0.0,1.0
2020-05-18,14.56,15.49,14.34,15.34,14.6033125892,4991966,0.0,1.0
2020-05-19,15.03,15.17,14.49,14.51,13.8131724687,4843412,0.0,1.0
2020-05-20,14.98,15.72,14.74,15.61,14.8603461224,4472424,0.0,1.0
2020-05-21,15.73,15.73,15.05,15.42,14.6794706731,3607080,0.0,1.0
2020-05-22,15.1,15.2,14.76,15.12,14.5652335472,3345740,0.18,1.0
2020-05-26,15.65,16.17,15.6,16.01,15.4225786436,4190375,0.0,1.0
2020-05-27,16.29,16.56,15.9,16.56,15.952398647,4714707,0.0,1.0
2020-05-28,16.63,16.66,16.24,16.39,15.7886361005,5899241,0.0,1.0
2020-05-29,16.21,16.73,16.03,16.51,15.9042331921,11849081,0.0,1.0
2020-06-01,16.5,16.74,16.23,16.33,15.7308375547,4898488,0.0,1.0
2020-06-02,16.38,17.3,16.38,17.11,16.4822186504,5433824,0.0,1.0
2020-06-03,17.62,17.68,17.32,17.33,16.6941466517,4609803,0.0,1.0
2020-06-04,17.18,17.49,16.88,17.15,16.5207510142,6775063,0.0,1.0
2020-06-05,18.2,18.27,17.54,17.75,17.0987364725,9735682,0.0,1.0
2020-06-08,18.9,19.3,18.53,19.06,18.3606713896,9744709,0.0,1.0
2020-06-09,18.34,18.72,18.01,18.67,17.9849808417,7092590,0.0,1.0
2020-06-10,18.19,18.39,17.26,17.26,16.6267150149,6655551,0.0,1.0
2020-06-11,15.95,16.52,15.51,15.63,15.0565211867,7458726,0.0,1.0
2020-06-12,16.42,16.71,15.48,15.94,15.3551470068,5858540,0.0,1.0
2020-06-15,15.09,16.55,15.08,16.35,15.7501037366,7040379,0.0,1.0
2020-06-16,17.26,17.39,16.45,16.84,16.2221251942,6417509,0.0,1.0
2020-06-17,16.78,16.9,16.04,16.1,15.5092764623,7880541,0.0,1.0
2020-06-18,15.94,16.3,15.74,16.11,15.5189095533,7564262,0.0,1.0
2020-06-19,16.68,16.68,15.38,15.49,14.9216579132,14872197,0.0,1.0
2020-06-22,15.32,15.59,15.22,15.35,14.7867946396,8578024,0.0,1.0
2020-06-23,15.59,15.83,15.45,15.54,14.969823368,12063082,0.0,1.0
2020-06-24,15.25,15.27,14.07,14.31,13.7849531786,6794737,0.0,1.0
2020-06-25,14.22,14.97,14.11,14.95,14.4014710008,6040451,0.0,1.0
2020-06-26,14.87,14.94,14.49,14.7,14.1606437265,6852862,0.0,1.0
2020-06-29,14.76,15.07,14.5,14.85,14.305140091,6746749,0.0,1.0
2020-06-30,14.66,15.49,14.64,15.39,14.8253270035,4991990,0.0,1.0
2020-07-01,15.6,15.97,15.27,15.41,14.8445931854,8577555,0.0,1.0
2020-07-02,15.74,16.09,15.38,15.41,14.8445931854,7851276,0.0,1.0
2020-07-06,15.73,16.01,15.29,15.51,14.9409240951,6061046,0.0,1.0
2020-07-07,15.33,15.51,15.17,15.22,14.661564457,5590200,0.0,1.0
2020-07-08,15.26,15.71,15.23,15.52,14.9505571861,5178843,0.0,1.0
2020-07-09,15.52,15.61,14.61,14.65,14.1124782716,4834438,0.0,1.0
2020-07-10,14.62,15.09,14.57,15.05,14.4978019105,2982568,0.0,1.0
2020-07-13,15.22,15.47,14.86,15.06,14.5074350014,4631997,0.0,1.0
2020-07-14,14.99,15.63,14.83,15.56,14.9890895499,5189139,0.0,1.0
2020-07-15,15.99,16.03,15.56,15.6,15.0276219138,5622623,0.0,1.0
2020-07-16,15.3,15.69,15.1,15.39,14.8253270035,3410968,0.0,1.0
2020-07-17,15.49,15.6,15.25,15.27,14.7097299118,4114388,0.0,1.0
2020-07-20,15.24,15.35,14.78,15.05,14.4978019105,5579720,0.0,1.0
2020-07-21,15.4,16.39,15.32,16.31,15.7115713727,6592218,0.0,1.0
2020-07-22,15.98,16.85,15.8263,16.46,15.8560677373,9046640,0.0,1.0
2020-07-23,16.53,16.8,16.07,16.69,16.0776288296,7188513,0.0,1.0
2020-07-24,16.79,17.18,16.34,16.37,15.7693699185,7759308,0.0,1.0
2020-07-27,16.38,16.49,15.96,16.33,15.7308375547,4360881,0.0,1.0
2020-07-28,16.16,16.27,15.77,15.87,15.28771537,5209613,0.0,1.0
2020-07-29,15.84,15.9,15.075,15.81,15.2299168242,8650196,0.0,1.0
2020-07-30,15.41,15.53,14.86,15.33,14.7675284576,8388079,0.0,1.0
2020-07-31,15.09,15.69,15.09,15.49,14.9216579132,15642218,0.0,1.0
2020-08-03,15.35,15.89,15.05,15.63,15.0565211867,5234853,0.0,1.0
2020-08-04,15.46,16.215,15.46,16.19,15.5959742811,4369430,0.0,1.0
2020-08-05,16.55,17.01,16.22,16.76,16.1450604664,7090400,0.0,1.0
2020-08-06,16.69,16.85,16.5172,16.77,16.1546935574,5187039,0.0,1.0
2020-08-07,16.38,16.59,16.175,16.57,16.1354273754,5260055,0.18,1.0
2020-08-10,16.64,17.41,16.6,17.26,16.8073311104,6256555,0.0,1.0
2020-08-11,17.54,17.775,17.12,17.18,16.7294292281,8010708,0.0,1.0
2020-08-12,17.48,17.64,17.215,17.53,17.0702499633,4985970,0.0,1.0
2020-08-13,17.32,17.42,17.02,17.12,16.6710028164,4617493,0.0,1.0
2020-08-14,16.96,17.35,16.93,17.23,16.7781179046,3826210,0.0,1.0
2020-08-17,17.08,17.13,16.325,16.67,16.2328047283,5634557,0.0,1.0
2020-08-18,16.54,17.01,16.4,16.46,16.0283122872,4490998,0.0,1.0
2020-08-19,16.37,16.6,16.19,16.33,15.9017217285,3556957,0.0,1.0
2020-08-20,16.14,16.14,15.7,15.73,15.3174576111,4620659,0.0,1.0
2020-08-21,15.6,15.625,15.22,15.45,15.044801023,4977777,0.0,1.0
2020-08-24,15.49,16.15,15.49,15.91,15.4927368463,3528516,0.0,1.0
2020-08-25,16.12,16.235,15.635,15.65,15.2395557288,3371194,0.0,1.0
2020-08-26,15.53,15.59,14.96,15.05,14.6552916114,5064795,0.0,1.0
2020-08-27,15.06,15.15,14.68,14.73,14.3436840821,6289902,0.0,1.0
2020-08-28,14.78,14.915,14.645,14.8,14.4118482291,4372600,0.0,1.0
2020-08-31,14.89,14.94,14.12,14.28,13.905485994,8577905,0.0,1.0
2020-09-01,14.06,14.19,13.76,13.88,13.5159765824,6092104,0.0,1.0
2020-09-02,13.85,14.19,13.59,14.11,13.7399444941,7738416,0.0,1.0
2020-09-03,14.55,14.85,14.3,14.55,14.1684048469,11846165,0.0,1.0
2020-09-04,14.72,14.9157,14.37,14.53,14.1489293763,9650886,0.0,1.0
2020-09-08,14.25,14.33,13.61,13.99,13.6230916706,11613118,0.0,1.0
2020-09-09,14.17,14.22,13.88,14.12,13.7496822294,6644089,0.0,1.0
2020-09-10,14.1,14.17,13.78,13.87,13.5062388471,8190201,0.0,1.0
2020-09-11,13.89,13.97,13.545,13.95,13.5841407295,6885876,0.0,1.0
2020-09-14,13.91,14.81,13.64,14.63,14.2463067292,8095555,0.0,1.0
2020-09-15,14.64,14.93,14.55,14.71,14.3242086115,7440205,0.0,1.0
2020-09-16,14.75,15.24,14.553,15.01,14.6163406702,9027403,0.0,1.0
2020-09-17,14.8,15.25,14.48,15.19,14.7916199054,7666945,0.0,1.0
2020-09-18,15.02,15.61,15.01,15.17,14.7721444348,8862243,0.0,1.0
2020-09-21,14.77,14.81,14.13,14.33,13.9541746705,6700371,0.0,1.0
2020-09-22,14.43,14.5825,14.215,14.4,14.0223388175,4559494,0.0,1.0
2020-09-23,14.39,14.49,13.5,13.53,13.1751558473,6465287,0.0,1.0
2020-09-24,13.35,13.605,13.1,13.32,12.9706634062,6886881,0.0,1.0
2020-09-25,13.12,13.245,13.01,13.13,12.7856464357,6253978,0.0,1.0
2020-09-28,13.43,13.68,13.345,13.47,13.1167294355,5526239,0.0,1.0
2020-09-29,13.43,13.58,12.96,13.13,12.7856464357,4779847,0.0,1.0
2020-09-30,13.17,13.535,13.15,13.29,12.9414502003,5729756,0.0,1.0
2020-10-01,13.0,13.17,12.57,12.76,12.42535023,5442565,0.0,1.0
2020-10-02,12.29,12.86,12.13,12.65,12.3182351418,5973405,0.0,1.0
2020-10-05,12.86,13.065,12.76,12.96,12.6201049358,6843885,0.0,1.0
2020-10-06,13.23,13.31,12.74,12.76,12.42535023,6223348,0.0,1.0
2020-10-07,12.81,13.03,12.6015,12.97,12.629842671,5242099,0.0,1.0
2020-10-08,13.15,13.42,13.0,13.38,13.0290898179,5671140,0.0,1.0
2020-10-09,13.42,13.61,13.11,13.2,12.8538105827,4379925,0.0,1.0
2020-10-12,13.13,13.22,12.9,13.13,12.7856464357,4825114,0.0,1.0
2020-10-13,13.05,13.085,12.74,12.86,12.5227275829,6947883,0.0,1.0
2020-10-14,12.87,13.64,12.81,13.15,12.8051219063,8812832,0.0,1.0
2020-10-15,12.89,13.545,12.83,13.45,13.097253965,7062799,0.0,1.0
2020-10-16,13.33,13.46,13.12,13.14,12.795384171,7910082,0.0,1.0
2020-10-19,13.38,13.63,13.0818,13.11,12.7661709651,7472115,0.0,1.0
2020-10-20,13.34,13.7063,13.28,13.63,13.2725332002,9801401,0.0,1.0
2020-10-21,13.4,14.34,13.28,14.04,13.6717803471,10954423,0.0,1.0
2020-10-22,14.17,14.52,13.97,14.46,14.0807652292,7498577,0.0,1.0
2020-10-23,14.59,14.68,14.06,14.29,13.9152237293,6998390,0.0,1.0
2020-10-26,14.06,14.06,13.7,13.9,13.535452053,4193435,0.0,1.0
2020-10-27,13.83,14.21,13.62,14.17,13.7983709058,5904760,0.0,1.0
2020-10-28,13.78,14.025,13.62,13.7,13.3406973472,9975301,0.0,1.0
2020-10-29,13.5,14.36,13.36,14.35,13.9736501411,9574794,0.0,1.0
2020-10-30,14.26,14.79,14.18,14.77,14.3826350232,10456373,0.0,1.0
2020-11-02,15.0,15.93,14.8,15.71,15.2979821405,10397591,0.0,1.0
2020-11-03,15.98,16.165,15.59,15.88,15.4635236404,8610853,0.0,1.0
2020-11-04,15.74,16.05,15.24,15.66,15.249293464,7658394,0.0,1.0
2020-11-05,15.59,15.99,15.55,15.73,15.3174576111,6399787,0.0,1.0
2020-11-06,15.52,15.94,15.355,15.57,15.3369330817,7022580,0.18,1.0
2020-11-09,17.41,18.44,16.92,17.67,17.4054982372,14117054,0.0,1.0
2020-11-10,17.7,18.22,17.07,17.6,17.3365460653,9989946,0.0,1.0
2020-11-11,17.85,17.9,17.17,17.56,17.2971448243,5727658,0.0,1.0
2020-11-12,17.22,17.51,16.95,17.25,16.9917852061,7570509,0.0,1.0
2020-11-13,17.51,17.94,17.38,17.87,17.6025044425,4630027,0.0,1.0
2020-11-16,18.67,19.09,18.175,18.79,18.5087329868,8335242,0.0,1.0
2020-11-17,18.44,19.4,18.315,19.26,18.9716975692,11196503,0.0,1.0
2020-11-18,19.36,19.36,18.57,18.58,18.3018764712,8241808,0.0,1.0
2020-11-19,18.39,18.58,18.01,18.31,18.0359180941,9324379,0.0,1.0
2020-11-20,18.16,18.27,17.975,18.21,17.9374149914,7444541,0.0,1.0
2020-11-23,18.49,19.39,18.33,19.26,18.9716975692,8670275,0.0,1.0
2020-11-24,20.0,20.415,19.7,20.26,19.9567285956,8876682,0.0,1.0
2020-11-25,19.81,19.895,19.49,19.78,19.483913703,8643831,0.0,1.0
2020-11-27,19.73,19.85,19.6,19.78,19.483913703,2415200,0.0,1.0
2020-11-30,19.52,19.705,18.7,18.72,18.4397808149,12001952,0.0,1.0
2020-12-01,19.39,19.515,19.15,19.23,18.9421466384,6427955,0.0,1.0
2020-12-02,19.04,20.01,18.91,19.67,19.37556029,6720162,0.0,1.0
2020-12-03,19.87,20.62,19.69,20.42,20.1143335599,6883674,0.0,1.0
2020-12-04,20.82,21.79,20.735,21.79,21.4638260661,11665489,0.0,1.0
2020-12-07,21.56,22.07,21.36,22.02,21.6903832022,7006650,0.0,1.0
2020-12-08,21.56,22.48,21.51,22.42,22.0843956128,6728059,0.0,1.0
2020-12-09,22.65,23.29,22.4,22.73,22.389755231,7426984,0.0,1.0
2020-12-10,22.33,23.49,22.25,23.12,22.7739173313,5463836,0.0,1.0
2020-12-11,22.85,23.05,22.42,22.67,22.3306533694,6101822,0.0,1.0
2020-12-14,22.95,23.0,21.54,21.68,21.3554726532,8371517,0.0,1.0
2020-12-15,21.77,22.19,21.48,22.01,21.6805328919,6023323,0.0,1.0
2020-12-16,21.85,21.85,21.19,21.5,21.1781670684,5950551,0.0,1.0
2020-12-17,21.67,21.86,21.135,21.5,21.1781670684,4765590,0.0,1.0
2020-12-18,21.41,21.68,20.93,21.17,20.8531068297,12639164,0.0,1.0
2020-12-21,20.3,21.42,20.29,21.25,20.9319093118,5381752,0.0,1.0
2020-12-22,21.22,21.62,21.11,21.19,20.8728074502,5431362,0.0,1.0
2020-12-23,21.38,21.59,21.04,21.13,20.8137055886,3898588,0.0,1.0
2020-12-24,21.2,21.24,20.85,21.01,20.6955018655,1213358,0.0,1.0
2020-12-28,21.19,21.19,20.75,20.88,20.567447832,3186922,0.0,1.0
2020-12-29,21.1,21.215,20.61,20.75,20.4393937986,3775223,0.0,1.0
2020-12-30,20.74,21.33,20.73,21.21,20.8925080708,3582302,0.0,1.0
2020-12-31,21.17,21.17,20.76,20.85,20.5378969012,2799322,0.0,1.0
2021-01-04,21.22,21.485,20.815,21.02,20.7053521757,4973835,0.0,1.0
2021-01-05,21.36,22.05,21.24,21.26,20.9417596221,7773920,0.0,1.0
2021-01-06,21.73,22.46,21.48,22.16,21.8282875459,8205501,0.0,1.0
2021-01-07,22.21,22.73,22.21,22.67,22.3306533694,5536705,0.0,1.0
2021-01-08,22.79,22.91,22.26,22.47,22.1336471641,5298374,0.0,1.0
2021-01-11,21.8,22.72,21.555,22.65,22.3109527488,4140031,0.0,1.0
2021-01-12,22.83,23.5,22.67,23.04,22.6951148491,5351791,0.0,1.0
2021-01-13,23.0,23.23,22.64,23.0,22.6557136081,4843362,0.0,1.0
2021-01-14,23.09,24.04,23.04,23.71,23.3550856369,7846167,0.0,1.0
2021-01-15,23.16,23.38,22.37,22.87,22.5276595747,6391609,0.0,1.0
2021-01-19,23.01,23.12,22.6,22.87,22.5276595747,12059903,0.0,1.0
2021-01-20,23.06,23.14,22.535,22.89,22.5473601952,7008613,0.0,1.0
2021-01-21,22.43,23.88,22.18,22.55,22.2124496462,10725409,0.0,1.0
2021-01-22,22.18,22.38,21.68,22.17,21.8381378561,7016076,0.0,1.0
2021-01-25,21.91,21.91,20.71,21.05,20.7349031065,8287252,0.0,1.0
2021-01-26,21.38,21.71,20.54,20.61,20.3014894549,7515668,0.0,1.0
2021-01-27,20.36,21.15,19.66,20.41,20.1044832496,7279225,0.0,1.0
2021-01-28,20.69,20.79,20.09,20.6,20.2916391446,5261096,0.0,1.0
2021-01-29,20.38,20.81,19.93,20.09,19.7892733212,7079173,0.0,1.0
2021-02-01,20.37,20.5,19.95,20.31,20.005980147,3956596,0.0,1.0
2021-02-02,20.81,20.98,20.31,20.39,20.0847826291,4098458,0.0,1.0
2021-02-03,20.41,21.46,20.41,21.4,21.0796639658,4688405,0.0,1.0
2021-02-04,21.5,22.38,21.19,22.36,22.0252937512,7338379,0.0,1.0
2021-02-05,22.78,22.82,21.88,22.08,21.7494850638,4783182,0.0,1.0
2021-02-08,22.17,22.82,22.09,22.55,22.389755231,4331364,0.18,1.0
2021-02-09,22.35,22.52,22.075,22.27,22.1117449664,4250489,0.0,1.0
2021-02-10,22.41,23.06,22.2,23.01,22.8464863798,6243158,0.0,1.0
2021-02-11,22.82,22.85,22.015,22.53,22.3698973549,5500624,0.0,1.0
2021-02-12,22.33,22.84,22.23,22.7,22.5386893012,4895911,0.0,1.0
2021-02-16,23.19,23.61,23.05,23.23,23.0649230162,7240725,0.0,1.0
2021-02-17,23.41,23.6184,23.18,23.55,23.3826490328,5454674,0.0,1.0
2021-02-18,23.46,23.48,23.025,23.08,22.9159889459,5052987,0.0,1.0
2021-02-19,23.07,23.66,23.07,23.4,23.2337149625,4617106,0.0,1.0
2021-02-22,23.43,24.64,23.25,24.13,23.9585274378,6767639,0.0,1.0
2021-02-23,24.21,24.44,23.27,23.91,23.7400908014,6420652,0.0,1.0
2021-02-24,24.0,25.32,23.94,25.15,24.9712791157,7150339,0.0,1.0
2021-02-25,25.46,25.64,24.425,24.73,24.5542637189,6672578,0.0,1.0
2021-02-26,24.34,24.73,23.5,24.48,24.3060402685,10772404,0.0,1.0
2021-03-01,24.75,25.44,24.66,24.98,24.8024871694,11466462,0.0,1.0
2021-03-02,24.87,25.395,24.265,24.37,24.1968219503,10530286,0.0,1.0
2021-03-03,24.55,24.72,24.29,24.46,24.2861823924,11263493,0.0,1.0
2021-03-04,24.39,24.69,23.0,24.03,23.8592380576,12831918,0.0,1.0
2021-03-05,24.51,24.78,22.55,24.35,24.1769640742,13361601,0.0,1.0
2021-03-08,24.5,24.55,23.56,24.33,24.1571061982,9542745,0.0,1.0
2021-03-09,24.23,24.72,23.67,23.95,23.7798065535,8403375,0.0,1.0
2021-03-10,23.91,24.515,23.8,24.38,24.2067508883,7699461,0.0,1.0
2021-03-11,24.4,24.91,24.12,24.16,23.9883142519,8986037,0.0,1.0
2021-03-12,24.27,24.44,24.04,24.37,24.1968219503,7763145,0.0,1.0
2021-03-15,24.58,24.85,24.09,24.22,24.04788788,5931513,0.0,1.0
2021-03-16,23.75,23.99,22.985,23.02,22.8564153178,9156327,0.0,1.0
2021-03-17,22.92,24.025,22.88,23.98,23.8095933675,9413066,0.0,1.0
2021-03-18,23.82,24.36,22.795,22.98,22.8166995657,9264820,0.0,1.0
2021-03-19,22.63,23.25,22.36,22.62,22.4592577971,21924249,0.0,1.0
2021-03-22,22.44,22.57,22.01,22.31,22.1514607185,9762713,0.0,1.0
2021-03-23,21.91,22.24,21.515,21.69,21.5358665614,8149037,0.0,1.0
2021-03-24,22.0,22.25,21.885,22.07,21.9131662061,7478906,0.0,1.0
2021-03-25,21.64,21.77,20.71,21.53,21.3770035531,9501072,0.0,1.0
2021-03-26,21.95,22.36,21.74,22.34,22.1812475326,6041202,0.0,1.0
2021-03-29,22.19,22.54,21.91,22.16,22.0025266482,6771153,0.0,1.0
2021-03-30,21.87,22.24,21.66,21.73,21.5755823135,5138778,0.0,1.0
2021-03-31,21.7,21.83,21.47,21.61,21.4564350572,5308459,0.0,1.0
2021-04-01,21.62,21.73,21.13,21.73,21.5755823135,9452501,0.0,1.0
2021-04-05,21.73,21.73,21.18,21.41,21.2578562969,5387767,0.0,1.0
2021-04-06,21.49,21.86,21.22,21.25,21.0989932886,8315482,0.0,1.0
2021-04-07,21.33,21.68,21.15,21.43,21.2777141729,6556943,0.0,1.0
2021-04-08,21.15,21.25,20.28,20.71,20.5628306356,13464394,0.0,1.0
2021-04-09,20.74,20.75,19.86,20.11,19.9670943545,11896522,0.0,1.0
2021-04-12,20.33,20.48,19.925,20.09,19.9472364785,8243970,0.0,1.0
2021-04-13,19.87,20.21,19.68,19.88,19.7387287801,8778975,0.0,1.0
2021-04-14,20.08,20.73,20.06,20.35,20.205388867,10735881,0.0,1.0
2021-04-15,20.3,20.37,19.8,19.9,19.7585866561,7231146,0.0,1.0
2021-04-16,20.11,20.265,19.86,20.1,19.9571654165,7861511,0.0,1.0
2021-04-19,20.38,20.51,19.95,20.03,19.8876628504,6892958,0.0,1.0
2021-04-20,19.81,19.96,19.25,19.51,19.3713580734,13491793,0.0,1.0
2021-04-21,18.98,19.615,18.75,19.55,19.4110738255,11208442,0.0,1.0
2021-04-22,19.53,20.1,19.53,19.82,19.679155152,9291720,0.0,1.0
2021-04-23,19.85,20.23,19.61,20.01,19.8678049743,8241105,0.0,1.0
2021-04-26,20.21,20.41,20.025,20.14,19.9968811686,8211113,0.0,1.0
2021-04-27,20.33,20.35,19.565,19.92,19.7784445322,8295143,0.0,1.0
2021-04-28,20.09,20.44,19.945,20.25,20.1060994868,9709794,0.0,1.0
2021-04-29,20.47,20.65,20.09,20.54,20.3940386893,12228157,0.0,1.0
2021-04-30,20.25,20.71,20.0729,20.08,19.9373075405,11436570,0.0,1.0
2021-05-03,20.58,21.95,20.54,21.69,21.5358665614,10171713,0.0,1.0
2021-05-04,21.73,22.0299,21.52,21.57,21.4167193052,10941858,0.0,1.0
2021-05-05,21.89,22.72,21.71,22.6,22.439399921,17918100,0.0,1.0
2021-05-06,22.92,23.11,22.41,23.07,22.9060600079,10928260,0.0,1.0
2021-05-07,22.59,24.76,22.59,24.63,24.4549743387,15966383,0.0,1.0
2021-05-10,24.64,25.23,24.59,24.63,24.4549743387,12150284,0.0,1.0
2021-05-11,24.03,25.305,24.03,24.81,24.6336952231,13119271,0.0,1.0
2021-05-12,24.94,25.2307,23.91,23.97,23.7996644295,11932738,0.0,1.0
2021-05-13,23.83,24.835,23.55,24.35,24.1769640742,13209778,0.0,1.0
2021-05-14,24.54,25.225,24.53,25.1,24.9216344256,7098067,0.0,1.0
2021-05-17,24.87,26.385,24.87,26.31,26.1230359258,7559816,0.0,1.0
2021-05-18,26.4,26.57,25.75,25.81,25.6265890249,8940588,0.0,1.0
2021-05-19,25.35,25.49,24.575,25.23,25.0507106198,8870360,0.0,1.0
2021-05-20,25.1,25.47,24.71,25.39,25.2095736281,6086433,0.0,1.0
2021-05-21,25.52,25.66,25.174,25.54,25.3585076984,6377894,0.0,1.0
2021-05-24,25.55,25.59,25.06,25.15,25.15,6406270,0.18,1.0
2021-05-25,25.0,25.165,24.08,24.14,24.14,8972950,0.0,1.0
2021-05-26,24.07,24.44,23.91,24.17,24.17,10776585,0.0,1.0
2021-05-27,24.41,24.8,24.27,24.34,24.34,14681996,0.0,1.0
2021-05-28,24.35,24.475,24.08,24.4,24.4,5327165,0.0,1.0
2021-06-01,24.98,25.68,24.83,25.52,25.52,6747831,0.0,1.0
2021-06-02,25.66,26.41,25.295,26.27,26.27,10875164,0.0,1.0
2021-06-03,26.11,26.28,25.73,25.86,25.86,9880906,0.0,1.0
2021-06-04,26.04,26.17,25.235,26.02,26.02,9386659,0.0,1.0
2021-06-07,26.07,26.21,25.77,25.94,25.94,6010370,0.0,1.0
2021-06-08,25.66,26.03,25.45,25.95,25.95,5380580,0.0,1.0
2021-06-09,26.09,26.16,25.81,25.81,25.81,6734280,0.0,1.0
2021-06-10,26.11,26.23,25.07,25.51,25.51,5495469,0.0,1.0
2021-06-11,25.73,25.995,25.52,25.91,25.91,5336430,0.0,1.0
2021-06-14,25.77,25.785,24.51,24.74,24.74,12729187,0.0,1.0
2021-06-15,24.77,25.16,24.73,24.95,24.95,6793180,0.0,1.0
2021-06-16,24.86,25.11,24.47,24.7,24.7,5751698,0.0,1.0
2021-06-17,24.71,24.8,23.46,23.98,23.98,9587623,0.0,1.0
2021-06-18,23.15,23.54,22.67,22.67,22.67,15598777,0.0,1.0
2021-06-21,22.95,23.94,22.95,23.84,23.84,7037013,0.0,1.0
2021-06-22,23.7,23.995,23.5,23.89,23.89,4707468,0.0,1.0
2021-06-23,24.0,24.27,23.24,23.33,23.33,8607674,0.0,1.0
2021-06-24,23.55,23.64,23.27,23.55,23.55,5500011,0.0,1.0
2021-06-25,23.53,23.675,23.245,23.55,23.55,6949333,0.0,1.0
2021-06-28,23.48,23.55,22.51,22.65,22.65,6832182,0.0,1.0
2021-06-29,22.86,23.07,22.65,22.68,22.68,4428444,0.0,1.0
2021-06-30,22.8,23.1386,22.65,22.87,22.87,5793926,0.0,1.0
2021-07-01,23.46,23.76,23.3,23.54,23.54,7101705,0.0,1.0
2021-07-02,23.28,23.63,22.98,23.55,23.55,8048649,0.0,1.0
2021-07-06,23.5,23.53,22.31,22.41,22.41,11508160,0.0,1.0
2021-07-07,22.25,22.72,21.89,22.26,22.26,6672507,0.0,1.0
2021-07-08,21.82,22.32,21.72,21.97,21.97,6812869,0.0,1.0
2021-07-09,22.41,22.835,22.145,22.73,22.73,5645456,0.0,1.0
2021-07-12,22.48,23.135,22.2,23.02,23.02,6280323,0.0,1.0
2021-07-13,22.79,22.9,22.32,22.37,22.37,6424501,0.0,1.0
2021-07-14,22.62,22.82,21.52,21.67,21.67,5634666,0.0,1.0
